fighter_name,fighter_url,slpm,str_acc,sapm,str_def,td_avg,td_acc,td_def,sub_avg,recent_fights_count,fight_0_date,fight_0_event,fight_0_method,fight_0_opponent,fight_0_result,fight_0_round,fight_1_date,fight_1_event,fight_1_method,fight_1_opponent,fight_1_result,fight_1_round,fight_2_date,fight_2_event,fight_2_method,fight_2_opponent,fight_2_result,fight_2_round,fight_3_date,fight_3_event,fight_3_method,fight_3_opponent,fight_3_result,fight_3_round,fight_4_date,fight_4_event,fight_4_method,fight_4_opponent,fight_4_result,fight_4_round,fight_5_date,fight_5_event,fight_5_method,fight_5_opponent,fight_5_result,fight_5_round,fight_6_date,fight_6_event,fight_6_method,fight_6_opponent,fight_6_result,fight_6_round,fight_7_date,fight_7_event,fight_7_method,fight_7_opponent,fight_7_result,fight_7_round,fight_8_date,fight_8_event,fight_8_method,fight_8_opponent,fight_8_result,fight_8_round,fight_9_date,fight_9_event,fight_9_method,fight_9_opponent,fight_9_result,fight_9_round
Natalia Silva,http://www.ufcstats.com/fighter-details/262d32ebda89efc4,4.81,45,2.36,66,0.43,30,90,0.0,8,"Jan. 24, 2026",UFC 324: Gaethje vs. Pimblett,,Rose Namajunas,win,3,"May. 10, 2025",UFC 315: Muhammad vs. Della Maddalena,,Alexa Grasso,win,3,"Sep. 07, 2024",UFC Fight Night: Burns vs. Brady,,Jessica Andrade,win,3,"Feb. 03, 2024",UFC Fight Night: Dolidze vs. Imavov,,Viviane Araujo,win,3,"Aug. 19, 2023",UFC 292: Sterling vs. O'Malley,,Andrea Lee,win,3,"May. 20, 2023",UFC Fight Night: Dern vs. Hill,KO/TKO,Victoria Leonardo,win,1,"Nov. 19, 2022",UFC Fight Night: Nzechukwu vs. Cutelaba,KO/TKO,Tereza Bleda,win,3,"Jun. 18, 2022",UFC Fight Night: Kattar vs. Emmett,,Jasmine Jasudavicius,win,3,,,,,,,,,,,,
Wang Cong,http://www.ufcstats.com/fighter-details/2997e7fe3c9d3d4a,6.82,58,2.73,60,0.62,75,85,0.6,7,"Jul. 11, 2026",UFC 329: McGregor vs. Holloway 2,,Tracy Cortez,win,3,"Feb. 07, 2026",UFC Fight Night: Bautista vs. Oliveira,,Eduarda Moura,win,3,"Jun. 07, 2025",UFC 316: Dvalishvili vs. O'Malley 2,,Ariane da Silva,win,3,"Feb. 08, 2025",UFC 312: Du Plessis vs. Strickland 2,,Bruna Brasil,win,3,"Nov. 23, 2024",UFC Fight Night: Yan vs. Figueiredo,,Gabriella Fernandes,loss,2,"Aug. 24, 2024",UFC Fight Night: Cannonier vs. Borralho,KO/TKO,Victoria Leonardo,win,1,"May. 18, 2024",Road to UFC 3.1 + 3.2,,Paula Luna,win,1,,,,,,,,,,,,,,,,,,
Deiveson Figueiredo,http://www.ufcstats.com/fighter-details/aa72b0f831d0bfe5,2.57,53,3.43,49,1.61,34,57,1.2,22,"May. 30, 2026",UFC Fight Night: Song vs. Figueiredo,,Song Yadong,loss,2,"Jan. 24, 2026",UFC 324: Gaethje vs. Pimblett,,Umar Nurmagomedov,loss,3,"Oct. 11, 2025",UFC Fight Night: Oliveira vs. Gamrot,,Montel Jackson,win,3,"May. 03, 2025",UFC Fight Night: Sandhagen vs. Figueiredo,KO/TKO,Cory Sandhagen,loss,2,"Nov. 23, 2024",UFC Fight Night: Yan vs. Figueiredo,,Petr Yan,loss,5,"Aug. 03, 2024",UFC Fight Night: Sandhagen vs. Nurmagomedov,,Marlon Vera,win,3,"Apr. 13, 2024",UFC 300: Pereira vs. Hill,,Cody Garbrandt,win,2,"Dec. 02, 2023",UFC Fight Night: Dariush vs. Tsarukyan,,Rob Font,win,3,"Jan. 21, 2023",UFC 283: Teixeira vs. Hill,KO/TKO,Brandon Moreno,loss,3,"Jan. 22, 2022",UFC 270: Ngannou vs. Gane,,Brandon Moreno,win,5
Payton Talbott,http://www.ufcstats.com/fighter-details/6e743a33d56bdaa4,6.62,56,3.41,46,0.78,44,77,0.2,7,"Dec. 06, 2025",UFC 323: Dvalishvili vs. Yan 2,,Henry Cejudo,win,3,"Jun. 28, 2025",UFC 317: Topuria vs. Oliveira,,Felipe Lima,win,3,"Jan. 18, 2025",UFC 311: Makhachev vs. Moicano,,Raoni Barcelos,loss,3,"Jun. 29, 2024",UFC 303: Pereira vs. Prochazka 2,KO/TKO,Yanis Ghemmouri,win,1,"Mar. 23, 2024",UFC Fight Night: Ribas vs. Namajunas,KO/TKO,Cameron Saaiman,win,2,"Nov. 18, 2023",UFC Fight Night: Allen vs. Craig,,Nick Aguirre,win,3,"Aug. 08, 2023",DWCS 7.1,,Reyes Cortez Jr.,win,3,,,,,,,,,,,,,,,,,,
King Green,http://www.ufcstats.com/fighter-details/887961364be5ceb3,6.49,53,3.63,62,1.32,43,71,0.3,37,"Jul. 11, 2026",UFC 329: McGregor vs. Holloway 2,KO/TKO,Terrance McKinney,win,1,"May. 09, 2026",UFC 328: Chimaev vs. Strickland,,Jeremy Stephens,win,1,"Feb. 28, 2026",UFC Fight Night: Moreno vs. Kavanagh,KO/TKO,Daniel Zellhuber,win,2,"Dec. 13, 2025",UFC Fight Night: Royval vs. Kape,,Lance Gibson Jr.,win,3,"Mar. 08, 2025",UFC 313: Pereira vs. Ankalaev,KO/TKO,Mauricio Ruffy,loss,1,"Jul. 27, 2024",UFC 304: Edwards vs. Muhammad 2,,Paddy Pimblett,loss,1,"Apr. 13, 2024",UFC 300: Pereira vs. Hill,,Jim Miller,win,3,"Dec. 02, 2023",UFC Fight Night: Dariush vs. Tsarukyan,KO/TKO,Jalin Turner,loss,1,"Oct. 07, 2023",UFC Fight Night: Dawson vs. Green,KO/TKO,Grant Dawson,win,1,"Jul. 29, 2023",UFC 291: Poirier vs. Gaethje 2,,Tony Ferguson,win,3
Esteban Ribovics,http://www.ufcstats.com/fighter-details/323d4ca260dfa0ba,7.43,43,5.74,54,0.32,66,66,0.2,9,"Aug. 15, 2026",UFC 330: Makhachev vs. Machado Garry,KO/TKO,Edson Barboza,win,2,"Apr. 11, 2026",UFC 327: Prochazka vs. Ulberg,,Mateusz Gamrot,loss,2,"Aug. 02, 2025",UFC Fight Night: Taira vs. Park,,Elves Brener,win,3,"Mar. 01, 2025",UFC Fight Night: Kape vs. Almabayev,,Nasrat Haqparast,loss,3,"Sep. 14, 2024",UFC 306: Riyadh Season Noche UFC,,Daniel Zellhuber,win,3,"May. 11, 2024",UFC Fight Night: Lewis vs. Nascimento,KO/TKO,Terrance McKinney,win,1,"Jul. 08, 2023",UFC 290: Volkanovski vs. Rodriguez,,Kamuela Kirk,win,3,"Mar. 04, 2023",UFC 285: Jones vs. Gane,,Loik Radzhabov,loss,3,"Aug. 16, 2022",DWCS 6.4,KO/TKO,Thomas Paull,win,1,,,,,,
Roberto Soldic,http://www.ufcstats.com/fighter-details/5a229cbd9cdd28ca,0.00,0,0.00,0,0.00,0,0,0.0,0,,,,,,,,,,,,,,,,,,,,,,,,,,,,,,,,,,,,,,,,,,,,,,,,,,,,,,,,,,,,
Khaos Williams,http://www.ufcstats.com/fighter-details/2558ae2e5671e318,4.97,39,5.34,41,0.00,0,51,0.0,11,"May. 16, 2026",UFC Fight Night: Allen vs. Costa,KO/TKO,Nikolay Veretennikov,win,1,"Jun. 07, 2025",UFC 316: Dvalishvili vs. O'Malley 2,,Andreas Gustafsson,loss,3,"Feb. 15, 2025",UFC Fight Night: Cannonier vs. Rodrigues,,Gabriel Bonfim,loss,2,"May. 18, 2024",UFC Fight Night: Barboza vs. Murphy,KO/TKO,Carlston Harris,win,1,"May. 06, 2023",UFC 288: Sterling vs. Cejudo,,Rolando Bedoya,win,3,"May. 07, 2022",UFC 274: Oliveira vs. Gaethje,,Randy Brown,loss,3,"Nov. 13, 2021",UFC Fight Night: Holloway vs. Rodriguez,KO/TKO,Miguel Baeza,win,3,"Jun. 19, 2021",UFC Fight Night: Jung vs. Ige,,Matthew Semelsberger,win,3,"Dec. 19, 2020",UFC Fight Night: Thompson vs. Neal,,Michel Pereira,loss,3,"Nov. 14, 2020",UFC Fight Night: Felder vs. Dos Anjos,KO/TKO,Abdul Razak Alhassan,win,1
Ateba Gautier,http://www.ufcstats.com/fighter-details/2f815ed5f8278ba6,4.32,43,2.60,54,0.41,100,93,0.0,6,"May. 09, 2026",UFC 328: Chimaev vs. Strickland,KO/TKO,Ozzy Diaz,win,2,"Jan. 24, 2026",UFC 324: Gaethje vs. Pimblett,,Andrey Pulyaev,win,3,"Oct. 04, 2025",UFC 320: Ankalaev vs. Pereira 2,KO/TKO,Tre'ston Vines,win,1,"Jul. 19, 2025",UFC 318: Holloway vs. Poirier 3,KO/TKO,Robert Valentin,win,1,"Mar. 29, 2025",UFC Fight Night: Moreno vs. Erceg,KO/TKO,Jose Daniel Medina,win,1,"Sep. 17, 2024",DWCS 8.6,KO/TKO,Yura Naito,win,2,,,,,,,,,,,,,,,,,,,,,,,,
Roman Kopylov,http://www.ufcstats.com/fighter-details/9d83f6da776ff7d6,4.54,50,5.08,53,1.12,50,88,0.0,12,"May. 09, 2026",UFC 328: Chimaev vs. Strickland,,Marco Tulio,win,3,"Nov. 15, 2025",UFC 322: Della Maddalena vs. Makhachev,,Gregory Rodrigues,loss,3,"Jul. 19, 2025",UFC 318: Holloway vs. Poirier 3,,Paulo Costa,loss,3,"Jan. 11, 2025",UFC Fight Night: Dern vs. Ribas 2,KO/TKO,Chris Curtis,win,3,"Jun. 01, 2024",UFC 302: Makhachev vs. Poirier,,Cesar Almeida,win,3,"Feb. 17, 2024",UFC 298: Volkanovski vs. Topuria,,Anthony Hernandez,loss,2,"Sep. 16, 2023",Noche UFC: Grasso vs. Shevchenko 2,KO/TKO,Josh Fremd,win,2,"Jul. 29, 2023",UFC 291: Poirier vs. Gaethje 2,KO/TKO,Claudio Ribeiro,win,2,"Jan. 14, 2023",UFC Fight Night: Strickland vs. Imavov,KO/TKO,Punahele Soriano,win,2,"Sep. 03, 2022",UFC Fight Night: Gane vs. Tuivasa,KO/TKO,Alessio Di Chirico,win,3
Imanol Rodriguez,http://www.ufcstats.com/fighter-details/6e8349a0a0476d60,5.71,55,2.42,58,1.30,33,0,0.0,2,"Feb. 28, 2026",UFC Fight Night: Moreno vs. Kavanagh,KO/TKO,Kevin Borjas,win,2,"Oct. 07, 2025",DWCS 9.9,KO/TKO,Roque Conceicao,win,1,,,,,,,,,,,,,,,,,,,,,,,,,,,,,,,,,,,,,,,,,,,,,,,,
Alden Coria,http://www.ufcstats.com/fighter-details/5e9ca8dd7d783a75,4.05,41,2.21,69,2.21,54,56,1.5,3,"Jul. 18, 2026",UFC Fight Night: Du Plessis vs. Usman,,Stewart Nicoll,win,3,"Feb. 21, 2026",UFC Fight Night: Strickland vs. Hernandez,,Luis Gurule,win,3,"Sep. 13, 2025",Noche UFC: Lopes vs. Silva,KO/TKO,Alessandro Costa,win,3,,,,,,,,,,,,,,,,,,,,,,,,,,,,,,,,,,,,,,,,,,
Damian Pinas,http://www.ufcstats.com/fighter-details/fdd22e895a70e4a8,6.33,63,5.89,39,0.00,0,85,0.0,3,"Jul. 11, 2026",UFC 329: McGregor vs. Holloway 2,KO/TKO,Cesar Almeida,win,1,"Feb. 28, 2026",UFC Fight Night: Moreno vs. Kavanagh,KO/TKO,Wes Schultz,win,1,"Sep. 30, 2025",DWCS 9.8,KO/TKO,Vitor Costa,win,1,,,,,,,,,,,,,,,,,,,,,,,,,,,,,,,,,,,,,,,,,,
Andrey Pulyaev,http://www.ufcstats.com/fighter-details/22e07d3da1aa3475,3.60,55,2.94,55,0.27,16,56,0.0,5,"Jun. 27, 2026",UFC Fight Night: Fiziev vs. Torres,,Nursulton Ruziboev,loss,1,"Jan. 24, 2026",UFC 324: Gaethje vs. Pimblett,,Ateba Gautier,loss,3,"Aug. 02, 2025",UFC Fight Night: Taira vs. Park,KO/TKO,Nick Klein,win,2,"Mar. 22, 2025",UFC Fight Night: Edwards vs. Brady,,Christian Leroy Duncan,loss,3,"Aug. 27, 2024",DWCS 8.3,,Liam Anderson,win,3,,,,,,,,,,,,,,,,,,,,,,,,,,,,,,
Marcus McGhee,http://www.ufcstats.com/fighter-details/c0ac37a4a1133da9,5.44,43,3.64,56,0.24,11,90,0.2,6,"Jun. 06, 2026",UFC Fight Night: Muhammad vs. Bonfim,,John Yannis,win,3,"Jul. 26, 2025",UFC Fight Night: Whittaker vs. De Ridder,,Petr Yan,loss,3,"Nov. 16, 2024",UFC 309: Jones vs. Miocic,,Jonathan Martinez,win,3,"Jan. 13, 2024",UFC Fight Night: Ankalaev vs. Walker 2,KO/TKO,Gaston Bolanos,win,2,"Aug. 12, 2023",UFC Fight Night: Luque vs. Dos Anjos,KO/TKO,JP Buys,win,1,"Apr. 29, 2023",UFC Fight Night: Song vs. Simon,,Journey Newson,win,2,,,,,,,,,,,,,,,,,,,,,,,,
Benardo Sopaj,http://www.ufcstats.com/fighter-details/b6c37948cb226e8c,4.39,58,4.69,52,2.43,60,76,0.8,3,"May. 16, 2026",UFC Fight Night: Allen vs. Costa,,Timmy Cuamba,win,2,"Jan. 18, 2025",UFC 311: Makhachev vs. Moicano,,Ricky Turcios,win,3,"Mar. 02, 2024",UFC Fight Night: Rozenstruik vs. Gaziev,KO/TKO,Vinicius Oliveira,loss,3,,,,,,,,,,,,,,,,,,,,,,,,,,,,,,,,,,,,,,,,,,
Anthony Wint,http://www.ufcstats.com/fighter-details/b34976c022b24568,3.56,66,0.20,83,2.97,33,100,3.0,2,"Aug. 22, 2026",UFC Fight Night: Hernandez vs. Rodrigues,,Terrance Chatman,win,1,"Aug. 11, 2026",DWCS 10.1,KO/TKO,Matt Adams,win,1,,,,,,,,,,,,,,,,,,,,,,,,,,,,,,,,,,,,,,,,,,,,,,,,
Lucas Armand,http://www.ufcstats.com/fighter-details/20e04625a5395a06,0.00,0,0.00,0,0.00,0,0,0.0,0,,,,,,,,,,,,,,,,,,,,,,,,,,,,,,,,,,,,,,,,,,,,,,,,,,,,,,,,,,,,
Johnny Walker,http://www.ufcstats.com/fighter-details/c21f26bbde777573,3.90,54,2.99,46,0.36,50,57,0.7,17,"Apr. 11, 2026",UFC 327: Prochazka vs. Ulberg,,Dominick Reyes,loss,3,"Aug. 23, 2025",UFC Fight Night: Walker vs. Zhang,KO/TKO,Zhang Mingyang,win,2,"Jun. 22, 2024",UFC Fight Night: Whittaker vs. Aliskerov,KO/TKO,Volkan Oezdemir,loss,1,"Jan. 13, 2024",UFC Fight Night: Ankalaev vs. Walker 2,KO/TKO,Magomed Ankalaev,loss,2,"Oct. 21, 2023",UFC 294: Makhachev vs. Volkanovski 2,,Magomed Ankalaev,nc,1,"May. 13, 2023",UFC Fight Night: Rozenstruik vs. Almeida,,Anthony Smith,win,3,"Jan. 21, 2023",UFC 283: Teixeira vs. Hill,KO/TKO,Paul Craig,win,1,"Sep. 10, 2022",UFC 279: Diaz vs. Ferguson,,Ion Cutelaba,win,1,"Feb. 19, 2022",UFC Fight Night: Walker vs. Hill,KO/TKO,Jamahal Hill,loss,1,"Oct. 02, 2021",UFC Fight Night: Santos vs. Walker,,Thiago Santos,loss,5
Mick Parkin,http://www.ufcstats.com/fighter-details/0d5cc0170c1a7e71,4.70,50,4.13,58,1.38,46,50,0.2,6,"Mar. 22, 2025",UFC Fight Night: Edwards vs. Brady,,Marcin Tybura,loss,3,"Jul. 27, 2024",UFC 304: Edwards vs. Muhammad 2,KO/TKO,Lukasz Brzeski,win,1,"Mar. 23, 2024",UFC Fight Night: Ribas vs. Namajunas,,Mohammed Usman,win,3,"Nov. 18, 2023",UFC Fight Night: Allen vs. Craig,,Caio Machado,win,3,"Jul. 22, 2023",UFC Fight Night: Aspinall vs. Tybura,,Jamal Pogues,win,3,"Aug. 23, 2022",DWCS 6.5,,Eduardo Neves,win,1,,,,,,,,,,,,,,,,,,,,,,,,
Rafael Dos Anjos,http://www.ufcstats.com/fighter-details/6a2f7c151031653d,3.48,47,3.23,60,1.95,35,54,0.6,36,"Oct. 26, 2024",UFC 308: Topuria vs. Holloway,KO/TKO,Geoff Neal,loss,1,"Mar. 09, 2024",UFC 299: O'Malley vs. Vera 2,,Mateusz Gamrot,loss,3,"Aug. 12, 2023",UFC Fight Night: Luque vs. Dos Anjos,,Vicente Luque,loss,5,"Dec. 03, 2022",UFC Fight Night: Thompson vs. Holland,,Bryan Barberena,win,2,"Jul. 09, 2022",UFC Fight Night: Dos Anjos vs. Fiziev,KO/TKO,Rafael Fiziev,loss,5,"Mar. 05, 2022",UFC 272: Covington vs. Masvidal,,Renato Moicano,win,5,"Nov. 14, 2020",UFC Fight Night: Felder vs. Dos Anjos,,Paul Felder,win,5,"Jan. 25, 2020",UFC Fight Night: Blaydes vs. Dos Santos,,Michael Chiesa,loss,3,"Jul. 20, 2019",UFC Fight Night: Dos Anjos vs. Edwards,,Leon Edwards,loss,5,"May. 18, 2019",UFC Fight Night: Dos Anjos vs. Lee,,Kevin Lee,win,4
Alexander Hernandez,http://www.ufcstats.com/fighter-details/262a7d06203657e6,4.23,40,4.45,59,1.05,35,68,0.1,18,"Apr. 25, 2026",UFC Fight Night: Sterling vs. Zalal,,Rafa Garcia,loss,3,"Sep. 13, 2025",Noche UFC: Lopes vs. Silva,KO/TKO,Diego Ferreira,win,2,"Aug. 16, 2025",UFC 319: Du Plessis vs. Chimaev,KO/TKO,Chase Hooper,win,1,"Mar. 15, 2025",UFC Fight Night: Vettori vs. Dolidze 2,,Kurt Holobaugh,win,3,"Oct. 05, 2024",UFC 307: Pereira vs. Rountree Jr.,,Austin Hubbard,win,3,"Apr. 06, 2024",UFC Fight Night: Allen vs. Curtis 2,,Damon Jackson,loss,3,"Oct. 07, 2023",UFC Fight Night: Dawson vs. Green,,Bill Algeo,loss,3,"Feb. 18, 2023",UFC Fight Night: Andrade vs. Blanchfield,,Jim Miller,win,3,"Dec. 10, 2022",UFC 282: Blachowicz vs. Ankalaev,KO/TKO,Billy Quarantillo,loss,2,"Feb. 12, 2022",UFC 271: Adesanya vs. Whittaker 2,,Renato Moicano,loss,2
Marvin Vettori,http://www.ufcstats.com/fighter-details/7acbb0972e75281a,4.74,45,4.55,56,1.41,43,68,0.4,18,"Dec. 06, 2025",UFC 323: Dvalishvili vs. Yan 2,,Brunno Ferreira,loss,3,"Jul. 19, 2025",UFC 318: Holloway vs. Poirier 3,,Brendan Allen,loss,3,"Mar. 15, 2025",UFC Fight Night: Vettori vs. Dolidze 2,,Roman Dolidze,loss,5,"Jun. 17, 2023",UFC Fight Night: Vettori vs. Cannonier,,Jared Cannonier,loss,5,"Mar. 18, 2023",UFC 286: Edwards vs. Usman 3,,Roman Dolidze,win,3,"Sep. 03, 2022",UFC Fight Night: Gane vs. Tuivasa,,Robert Whittaker,loss,3,"Oct. 23, 2021",UFC Fight Night: Costa vs. Vettori,,Paulo Costa,win,5,"Jun. 12, 2021",UFC 263: Adesanya vs. Vettori 2,,Israel Adesanya,loss,5,"Apr. 10, 2021",UFC Fight Night: Vettori vs. Holland,,Kevin Holland,win,5,"Dec. 05, 2020",UFC Fight Night: Hermansson vs. Vettori,,Jack Hermansson,win,5
Ismail Naurdiev,http://www.ufcstats.com/fighter-details/6a96ad1bc34fb113,3.66,52,1.75,64,1.48,40,73,0.2,7,"Nov. 22, 2025",UFC Fight Night: Tsarukyan vs. Hooker,KO/TKO,Ryan Loder,win,1,"Jun. 21, 2025",UFC Fight Night: Hill vs. Rountree Jr.,,JunYong Park,loss,3,"Oct. 26, 2024",UFC 308: Topuria vs. Holloway,,Bruno Silva,win,3,"Feb. 29, 2020",UFC Fight Night: Benavidez vs. Figueiredo,,Sean Brady,loss,3,"Sep. 28, 2019",UFC Fight Night: Hermansson vs. Cannonier,,Siyar Bahadurzada,win,3,"Jul. 06, 2019",UFC 239: Jones vs. Santos,,Chance Rencountre,loss,3,"Feb. 23, 2019",UFC Fight Night: Blachowicz vs. Santos,,Michel Prazeres,win,3,,,,,,,,,,,,,,,,,,
Court McGee,http://www.ufcstats.com/fighter-details/523fa774700d7d3f,4.50,36,3.65,60,1.78,24,70,0.5,24,"Jun. 14, 2025",UFC Fight Night: Usman vs. Buckley,,Michael Chiesa,loss,3,"Oct. 05, 2024",UFC 307: Pereira vs. Rountree Jr.,,Tim Means,win,1,"Apr. 06, 2024",UFC Fight Night: Allen vs. Curtis 2,,Alex Morono,loss,3,"May. 13, 2023",UFC Fight Night: Rozenstruik vs. Almeida,KO/TKO,Matt Brown,loss,1,"Jun. 18, 2022",UFC Fight Night: Kattar vs. Emmett,KO/TKO,Jeremiah Wells,loss,1,"Jan. 15, 2022",UFC Fight Night: Kattar vs. Chikadze,,Ramiz Brahimaj,win,3,"May. 22, 2021",UFC Fight Night: Font vs. Garbrandt,,Claudio Silva,win,3,"Oct. 03, 2020",UFC Fight Night: Holm vs. Aldana,,Carlos Condit,loss,3,"Oct. 18, 2019",UFC Fight Night: Reyes vs. Weidman,,Sean Brady,loss,3,"Apr. 27, 2019",UFC Fight Night: Jacare vs. Hermansson,,Dhiego Lima,loss,3
Eric Nolan,http://www.ufcstats.com/fighter-details/64b12fe31be7560c,1.68,34,2.59,44,0.00,0,44,0.0,2,"Jun. 27, 2026",UFC Fight Night: Fiziev vs. Torres,,Farman Hasanov,loss,3,"Aug. 16, 2025",UFC 319: Du Plessis vs. Chimaev,,Baisangur Susurkaev,loss,2,,,,,,,,,,,,,,,,,,,,,,,,,,,,,,,,,,,,,,,,,,,,,,,,
Brendan Allen,http://www.ufcstats.com/fighter-details/2f181c0467965b98,3.75,52,3.78,47,1.52,41,57,1.1,20,"Jun. 06, 2026",UFC Fight Night: Muhammad vs. Bonfim,,Edmen Shahbazyan,win,3,"Oct. 18, 2025",UFC Fight Night: De Ridder vs. Allen,KO/TKO,Reinier de Ridder,win,4,"Jul. 19, 2025",UFC 318: Holloway vs. Poirier 3,,Marvin Vettori,win,3,"Feb. 22, 2025",UFC Fight Night: Cejudo vs. Song,,Anthony Hernandez,loss,3,"Sep. 28, 2024",UFC Fight Night: Moicano vs. Saint Denis,,Nassourdine Imavov,loss,3,"Apr. 06, 2024",UFC Fight Night: Allen vs. Curtis 2,,Chris Curtis,win,5,"Nov. 18, 2023",UFC Fight Night: Allen vs. Craig,,Paul Craig,win,3,"Jun. 24, 2023",UFC Fight Night: Emmett vs. Topuria,,Bruno Silva,win,1,"Feb. 25, 2023",UFC Fight Night: Muniz vs. Allen,,Andre Muniz,win,3,"Oct. 01, 2022",UFC Fight Night: Dern vs. Yan,,Krzysztof Jotko,win,1
Christian Leroy Duncan,http://www.ufcstats.com/fighter-details/a93f94c923c3a9cb,4.45,57,2.36,54,0.43,20,57,0.0,10,"Jul. 18, 2026",UFC Fight Night: Du Plessis vs. Usman,,Jared Cannonier,win,3,"Mar. 21, 2026",UFC Fight Night: Evloev vs. Murphy,,Roman Dolidze,win,3,"Nov. 08, 2025",UFC Fight Night: Bonfim vs. Brown,KO/TKO,Marco Tulio,win,2,"Aug. 09, 2025",UFC Fight Night: Dolidze vs. Hernandez,KO/TKO,Eryk Anders,win,1,"Mar. 22, 2025",UFC Fight Night: Edwards vs. Brady,,Andrey Pulyaev,win,3,"Jul. 27, 2024",UFC 304: Edwards vs. Muhammad 2,,Gregory Rodrigues,loss,3,"Mar. 02, 2024",UFC Fight Night: Rozenstruik vs. Gaziev,KO/TKO,Claudio Ribeiro,win,2,"Nov. 18, 2023",UFC Fight Night: Allen vs. Craig,KO/TKO,Denis Tiuliulin,win,2,"Jun. 17, 2023",UFC Fight Night: Vettori vs. Cannonier,,Armen Petrosyan,loss,3,"Mar. 18, 2023",UFC 286: Edwards vs. Usman 3,KO/TKO,Dusko Todorovic,win,1
Matheus Camilo,http://www.ufcstats.com/fighter-details/72f890c5d421e705,2.22,43,3.05,66,4.16,53,0,0.6,3,"Jun. 27, 2026",UFC Fight Night: Fiziev vs. Torres,KO/TKO,Nazim Sadykhov,win,1,"Nov. 15, 2025",UFC 322: Della Maddalena vs. Makhachev,,Viacheslav Borshchev,win,3,"May. 17, 2025",UFC Fight Night: Burns vs. Morales,,Gabe Green,loss,2,,,,,,,,,,,,,,,,,,,,,,,,,,,,,,,,,,,,,,,,,,
Jai Herbert,http://www.ufcstats.com/fighter-details/4c88a1db5a46c6a4,3.19,41,3.34,52,0.42,21,66,0.0,10,"Apr. 18, 2026",UFC Fight Night: Burns vs. Malott,KO/TKO,Mandel Nallo,win,1,"Mar. 22, 2025",UFC Fight Night: Edwards vs. Brady,,Chris Padilla,loss,3,"Aug. 03, 2024",UFC Fight Night: Sandhagen vs. Nurmagomedov,,Rolando Bedoya,win,3,"Jul. 22, 2023",UFC Fight Night: Aspinall vs. Tybura,,Fares Ziam,loss,3,"Mar. 18, 2023",UFC 286: Edwards vs. Usman 3,,Ludovit Klein,draw,3,"Jul. 23, 2022",UFC Fight Night: Blaydes vs. Aspinall,,Kyle Nelson,win,3,"Mar. 19, 2022",UFC Fight Night: Volkov vs. Aspinall,KO/TKO,Ilia Topuria,loss,2,"Oct. 23, 2021",UFC Fight Night: Costa vs. Vettori,KO/TKO,Khama Worthy,win,1,"Jun. 26, 2021",UFC Fight Night: Gane vs. Volkov,,Renato Moicano,loss,2,"Jul. 25, 2020",UFC Fight Night: Whittaker vs. Till,KO/TKO,Francisco Trinaldo,loss,3
Loopy Godinez,http://www.ufcstats.com/fighter-details/8e5d953bdb9ae5e7,4.43,49,3.94,62,2.99,42,76,0.8,15,"Apr. 11, 2026",UFC 327: Prochazka vs. Ulberg,,Tatiana Suarez,loss,2,"Aug. 16, 2025",UFC 319: Du Plessis vs. Chimaev,,Jessica Andrade,win,3,"Mar. 29, 2025",UFC Fight Night: Moreno vs. Erceg,,Julia Polastri,win,3,"Aug. 03, 2024",UFC Fight Night: Sandhagen vs. Nurmagomedov,,Mackenzie Dern,loss,3,"Mar. 30, 2024",UFC Fight Night: Blanchfield vs. Fiorot,,Virna Jandiroba,loss,3,"Nov. 11, 2023",UFC 295: Prochazka vs. Pereira,,Tabatha Ricci,win,3,"Sep. 16, 2023",Noche UFC: Grasso vs. Shevchenko 2,,Elise Reed,win,2,"May. 20, 2023",UFC Fight Night: Dern vs. Hill,,Emily Ducote,win,3,"Apr. 08, 2023",UFC 287: Pereira vs. Adesanya 2,,Cynthia Calvillo,win,3,"Aug. 13, 2022",UFC Fight Night: Vera vs. Cruz,,Angela Hill,loss,3
Ketlen Souza,http://www.ufcstats.com/fighter-details/8bd4200561c77a62,4.11,57,3.89,53,0.45,13,53,0.2,7,"Jun. 06, 2026",UFC Fight Night: Muhammad vs. Bonfim,KO/TKO,Ariane Carnelossi,win,1,"Feb. 07, 2026",UFC Fight Night: Bautista vs. Oliveira,,Bruna Brasil,win,3,"Aug. 02, 2025",UFC Fight Night: Taira vs. Park,,Piera Rodriguez,loss,3,"Feb. 15, 2025",UFC Fight Night: Cannonier vs. Rodrigues,,Angela Hill,loss,3,"Sep. 14, 2024",UFC 306: Riyadh Season Noche UFC,,Yazmin Jauregui,win,1,"Apr. 27, 2024",UFC Fight Night: Nicolau vs. Perez,,Marnic Mann,win,3,"Jun. 03, 2023",UFC Fight Night: Kara-France vs. Albazi,,Karine Silva,loss,1,,,,,,,,,,,,,,,,,,
Andre Fili,http://www.ufcstats.com/fighter-details/8fd808923cffff82,3.89,37,4.55,49,2.24,46,71,0.2,27,"Jun. 20, 2026",UFC Fight Night: Kape vs. Horiguchi,KO/TKO,Vinicius Oliveira,loss,2,"Mar. 14, 2026",UFC Fight Night: Emmett vs. Vallejos,,Jose Delgado,loss,3,"Aug. 09, 2025",UFC Fight Night: Dolidze vs. Hernandez,,Christian Rodriguez,win,3,"Feb. 22, 2025",UFC Fight Night: Cejudo vs. Song,,Melquizael Costa,loss,1,"Jun. 29, 2024",UFC 303: Pereira vs. Prochazka 2,,Cub Swanson,win,3,"Feb. 10, 2024",UFC Fight Night: Hermansson vs. Pyfer,KO/TKO,Dan Ige,loss,1,"Dec. 16, 2023",UFC 296: Edwards vs. Covington,KO/TKO,Lucas Almeida,win,1,"Jul. 22, 2023",UFC Fight Night: Aspinall vs. Tybura,,Nathaniel Wood,loss,3,"Sep. 17, 2022",UFC Fight Night: Sandhagen vs. Song,,Bill Algeo,win,3,"Apr. 30, 2022",UFC Fight Night: Font vs. Vera,KO/TKO,Joanderson Brito,loss,1
Kai Kamaka III,http://www.ufcstats.com/fighter-details/eee0ef3e2b14816b,5.49,59,6.03,55,1.45,53,55,0.2,6,"Jul. 11, 2026",UFC 329: McGregor vs. Holloway 2,KO/TKO,Luke Riley,loss,1,"Apr. 04, 2026",UFC Fight Night: Moicano vs. Duncan,,Dakota Hope,win,3,"Jul. 31, 2021",UFC Fight Night: Hall vs. Strickland,,Danny Chavez,draw,3,"May. 01, 2021",UFC Fight Night: Reyes vs. Prochazka,,TJ Brown,loss,3,"Nov. 28, 2020",UFC Fight Night: Smith vs. Clark,KO/TKO,Jonathan Pearce,loss,2,"Aug. 15, 2020",UFC 252: Miocic vs. Cormier 3,,Tony Kelley,win,3,,,,,,,,,,,,,,,,,,,,,,,,
Julius Walker,http://www.ufcstats.com/fighter-details/6add18754930182b,3.72,53,4.18,42,4.07,38,100,0.0,4,"Jun. 27, 2026",UFC Fight Night: Fiziev vs. Torres,KO/TKO,Abdul Rakhman Yakhyaev,loss,1,"Feb. 07, 2026",UFC Fight Night: Bautista vs. Oliveira,KO/TKO,Dustin Jacoby,loss,2,"Aug. 09, 2025",UFC Fight Night: Dolidze vs. Hernandez,,Rafael Cerqueira,win,3,"Feb. 22, 2025",UFC Fight Night: Cejudo vs. Song,,Alonzo Menifield,loss,3,,,,,,,,,,,,,,,,,,,,,,,,,,,,,,,,,,,,
Gerald Meerschaert,http://www.ufcstats.com/fighter-details/6ac9bc2953c47345,2.95,45,3.44,53,1.70,29,40,1.5,26,"May. 02, 2026",UFC Fight Night: Della Maddalena vs. Prates,,Jacob Malkoun,loss,3,"Nov. 15, 2025",UFC 322: Della Maddalena vs. Makhachev,,Kyle Daukaus,loss,1,"Aug. 16, 2025",UFC 319: Du Plessis vs. Chimaev,KO/TKO,Michal Oleksiejczuk,loss,1,"Apr. 05, 2025",UFC Fight Night: Emmett vs. Murphy,,Brad Tavares,loss,3,"Nov. 09, 2024",UFC Fight Night: Magny vs. Prates,,Reinier de Ridder,loss,3,"Aug. 24, 2024",UFC Fight Night: Cannonier vs. Borralho,,Edmen Shahbazyan,win,2,"Mar. 16, 2024",UFC Fight Night: Tuivasa vs. Tybura,,Bryan Barberena,win,2,"Aug. 19, 2023",UFC 292: Sterling vs. O'Malley,,Andre Petroski,loss,3,"Apr. 08, 2023",UFC 287: Pereira vs. Adesanya 2,KO/TKO,Joe Pyfer,loss,1,"Aug. 13, 2022",UFC Fight Night: Vera vs. Cruz,,Bruno Silva,win,3
Malcolm Wellmaker,http://www.ufcstats.com/fighter-details/2e45d08b3f2f02c8,4.58,55,4.23,52,0.00,0,46,0.0,5,"May. 16, 2026",UFC Fight Night: Allen vs. Costa,,Juan Diaz,loss,2,"Nov. 15, 2025",UFC 322: Della Maddalena vs. Makhachev,,Ethyn Ewing,loss,3,"Jun. 14, 2025",UFC Fight Night: Usman vs. Buckley,KO/TKO,Kris Moutinho,win,1,"Apr. 26, 2025",UFC Fight Night: Machado Garry vs. Prates,KO/TKO,Cameron Saaiman,win,1,"Aug. 27, 2024",DWCS 8.3,KO/TKO,Adam Bramhald,win,1,,,,,,,,,,,,,,,,,,,,,,,,,,,,,,
Otari Tanzilovi,http://www.ufcstats.com/fighter-details/b9124c308671e303,4.20,68,4.20,49,4.50,36,85,0.0,2,"Jun. 20, 2026",UFC Fight Night: Kape vs. Horiguchi,,Shane Collins,loss,3,"Sep. 10, 2024",DWCS 8.5,,Josias Musasa,loss,3,,,,,,,,,,,,,,,,,,,,,,,,,,,,,,,,,,,,,,,,,,,,,,,,
Joaquin Buckley,http://www.ufcstats.com/fighter-details/b9437600497350f3,3.62,36,3.10,58,1.43,45,70,0.1,17,"May. 09, 2026",UFC 328: Chimaev vs. Strickland,,Sean Brady,loss,3,"Jun. 14, 2025",UFC Fight Night: Usman vs. Buckley,,Kamaru Usman,loss,5,"Dec. 14, 2024",UFC Fight Night: Covington vs. Buckley,KO/TKO,Colby Covington,win,3,"Oct. 05, 2024",UFC 307: Pereira vs. Rountree Jr.,KO/TKO,Stephen Thompson,win,3,"May. 11, 2024",UFC Fight Night: Lewis vs. Nascimento,,Nursulton Ruziboev,win,3,"Mar. 30, 2024",UFC Fight Night: Blanchfield vs. Fiorot,KO/TKO,Vicente Luque,win,2,"Oct. 07, 2023",UFC Fight Night: Dawson vs. Green,,Alex Morono,win,3,"May. 20, 2023",UFC Fight Night: Dern vs. Hill,KO/TKO,Andre Fialho,win,2,"Dec. 10, 2022",UFC 282: Blachowicz vs. Ankalaev,KO/TKO,Chris Curtis,loss,2,"Sep. 03, 2022",UFC Fight Night: Gane vs. Tuivasa,,Nassourdine Imavov,loss,3
Mike Malott,http://www.ufcstats.com/fighter-details/dd6103dd7127db1d,4.02,48,3.09,56,1.63,50,57,0.7,9,"Apr. 18, 2026",UFC Fight Night: Burns vs. Malott,KO/TKO,Gilbert Burns,win,3,"Oct. 18, 2025",UFC Fight Night: De Ridder vs. Allen,,Kevin Holland,win,3,"May. 10, 2025",UFC 315: Muhammad vs. Della Maddalena,KO/TKO,Charles Radtke,win,2,"Nov. 02, 2024",UFC Fight Night: Moreno vs. Albazi,,Trevin Giles,win,3,"Jan. 20, 2024",UFC 297: Strickland vs. Du Plessis,KO/TKO,Neil Magny,loss,3,"Jun. 10, 2023",UFC 289: Nunes vs. Aldana,,Adam Fugitt,win,2,"Feb. 25, 2023",UFC Fight Night: Muniz vs. Allen,,Yohan Lainesse,win,1,"Apr. 09, 2022",UFC 273: Volkanovski vs. The Korean Zombie,KO/TKO,Mickey Gall,win,1,"Oct. 05, 2021",DWCS 5.6,,Shimon Smotritsky,win,1,,,,,,
Erin Blanchfield,http://www.ufcstats.com/fighter-details/669970f7feba8ecd,5.24,44,4.25,58,1.96,34,78,0.9,9,"Nov. 15, 2025",UFC 322: Della Maddalena vs. Makhachev,,Tracy Cortez,win,2,"Nov. 02, 2024",UFC Fight Night: Moreno vs. Albazi,,Rose Namajunas,win,5,"Mar. 30, 2024",UFC Fight Night: Blanchfield vs. Fiorot,,Manon Fiorot,loss,5,"Aug. 26, 2023",UFC Fight Night: Holloway vs. The Korean Zombie,,Taila Santos,win,3,"Feb. 18, 2023",UFC Fight Night: Andrade vs. Blanchfield,,Jessica Andrade,win,2,"Nov. 12, 2022",UFC 281: Adesanya vs. Pereira,,Molly McCann,win,1,"Jun. 04, 2022",UFC Fight Night: Volkov vs. Rozenstruik,,JJ Aldrich,win,2,"Dec. 11, 2021",UFC 269: Oliveira vs. Poirier,,Miranda Maverick,win,3,"Sep. 18, 2021",UFC Fight Night: Smith vs. Spann,,Sarah Alpar,win,3,,,,,,
Jasmine Jasudavicius,http://www.ufcstats.com/fighter-details/a9e260472d321361,3.47,44,3.46,51,2.63,46,75,0.5,13,"Apr. 18, 2026",UFC Fight Night: Burns vs. Malott,,Karine Silva,win,3,"Oct. 18, 2025",UFC Fight Night: De Ridder vs. Allen,KO/TKO,Manon Fiorot,loss,1,"May. 10, 2025",UFC 315: Muhammad vs. Della Maddalena,,Jessica Andrade,win,1,"Feb. 01, 2025",UFC Fight Night: Adesanya vs. Imavov,,Mayra Bueno Silva,win,3,"Nov. 02, 2024",UFC Fight Night: Moreno vs. Albazi,,Ariane da Silva,win,3,"Jul. 13, 2024",UFC Fight Night: Namajunas vs. Cortez,,Fatima Kline,win,3,"Jan. 20, 2024",UFC 297: Strickland vs. Du Plessis,,Priscila Cachoeira,win,3,"Sep. 16, 2023",Noche UFC: Grasso vs. Shevchenko 2,,Tracy Cortez,loss,3,"Jun. 10, 2023",UFC 289: Nunes vs. Aldana,,Miranda Maverick,win,3,"Feb. 25, 2023",UFC Fight Night: Muniz vs. Allen,,Gabriella Fernandes,win,3
Kyle Nelson,http://www.ufcstats.com/fighter-details/31f8081c7600da93,3.60,45,4.58,53,1.18,23,66,0.5,12,"Mar. 28, 2026",UFC Fight Night: Adesanya vs. Pyfer,KO/TKO,Terrance McKinney,loss,1,"Oct. 18, 2025",UFC Fight Night: De Ridder vs. Allen,,Matt Frevola,win,3,"Sep. 07, 2024",UFC Fight Night: Burns vs. Brady,KO/TKO,Steve Garcia,loss,1,"Mar. 30, 2024",UFC Fight Night: Blanchfield vs. Fiorot,KO/TKO,Bill Algeo,win,1,"Sep. 16, 2023",Noche UFC: Grasso vs. Shevchenko 2,,Fernando Padilla,win,3,"Jun. 10, 2023",UFC 289: Nunes vs. Aldana,,Blake Bilder,win,3,"Feb. 04, 2023",UFC Fight Night: Lewis vs. Spivac,,Dooho Choi,draw,3,"Jul. 23, 2022",UFC Fight Night: Blaydes vs. Aspinall,,Jai Herbert,loss,3,"Sep. 12, 2020",UFC Fight Night: Waterson vs. Hill,KO/TKO,Billy Quarantillo,loss,3,"Sep. 21, 2019",UFC Fight Night: Rodriguez vs. Stephens,KO/TKO,Marco Polo Reyes,win,1
Cristian Perez,http://www.ufcstats.com/fighter-details/d84033157714ee94,3.30,46,4.56,39,2.36,30,87,0.8,2,"Aug. 18, 2026",DWCS 10.2,KO/TKO,Logan Paxton,win,2,"Aug. 26, 2025",DWCS 9.3,KO/TKO,Manoel Sousa,loss,3,,,,,,,,,,,,,,,,,,,,,,,,,,,,,,,,,,,,,,,,,,,,,,,,
Marc-Andre Barriault,http://www.ufcstats.com/fighter-details/8e9eb3fc86db0f7d,5.65,47,5.94,49,0.34,28,68,0.1,17,"Feb. 07, 2026",UFC Fight Night: Bautista vs. Oliveira,,Michal Oleksiejczuk,loss,3,"Jul. 26, 2025",UFC Fight Night: Whittaker vs. De Ridder,,Shara Magomedov,loss,3,"May. 10, 2025",UFC 315: Muhammad vs. Della Maddalena,KO/TKO,Bruno Silva,win,1,"Nov. 02, 2024",UFC Fight Night: Moreno vs. Albazi,KO/TKO,Dustin Stoltzfus,loss,1,"Jun. 29, 2024",UFC 303: Pereira vs. Prochazka 2,KO/TKO,Joe Pyfer,loss,1,"Jan. 20, 2024",UFC 297: Strickland vs. Du Plessis,,Chris Curtis,loss,3,"Jun. 10, 2023",UFC 289: Nunes vs. Aldana,,Eryk Anders,win,3,"Mar. 04, 2023",UFC 285: Jones vs. Gane,KO/TKO,Julian Marquez,win,2,"Sep. 17, 2022",UFC Fight Night: Sandhagen vs. Song,,Anthony Hernandez,loss,3,"Apr. 23, 2022",UFC Fight Night: Lemos vs. Andrade,,Jordan Wright,win,1
Kyle Daukaus,http://www.ufcstats.com/fighter-details/d6c0cdd7e467c440,3.16,53,2.94,42,1.97,25,79,2.0,11,"Jun. 14, 2026",UFC Freedom 250,KO/TKO,Bo Nickal,loss,1,"Nov. 15, 2025",UFC 322: Della Maddalena vs. Makhachev,,Gerald Meerschaert,win,1,"Aug. 23, 2025",UFC Fight Night: Walker vs. Zhang,KO/TKO,Michel Pereira,win,1,"Dec. 03, 2022",UFC Fight Night: Thompson vs. Holland,KO/TKO,Eryk Anders,loss,2,"Jun. 18, 2022",UFC Fight Night: Kattar vs. Emmett,KO/TKO,Roman Dolidze,loss,1,"Feb. 19, 2022",UFC Fight Night: Walker vs. Hill,,Jamie Pickett,win,1,"Oct. 02, 2021",UFC Fight Night: Santos vs. Walker,,Kevin Holland,nc,1,"May. 08, 2021",UFC Fight Night: Rodriguez vs. Waterson,,Phil Hawes,loss,3,"Nov. 21, 2020",UFC 255: Figueiredo vs. Perez,,Dustin Stoltzfus,win,3,"Jun. 27, 2020",UFC Fight Night: Poirier vs. Hooker,,Brendan Allen,loss,3
Louis Jourdain,http://www.ufcstats.com/fighter-details/91cd52cb92dfdd52,7.32,49,2.44,54,0.00,0,66,1.4,1,"Sep. 30, 2025",DWCS 9.8,,Magno Dias,win,3,,,,,,,,,,,,,,,,,,,,,,,,,,,,,,,,,,,,,,,,,,,,,,,,,,,,,,
Timmy Cuamba,http://www.ufcstats.com/fighter-details/0e46690e55a8df75,2.88,42,3.72,55,1.18,31,71,0.0,6,"May. 16, 2026",UFC Fight Night: Allen vs. Costa,,Benardo Sopaj,loss,2,"Nov. 01, 2025",UFC Fight Night: Garcia vs. Onama,,ChangHo Lee,win,3,"Apr. 26, 2025",UFC Fight Night: Machado Garry vs. Prates,KO/TKO,Roberto Romero,win,2,"Jun. 15, 2024",UFC Fight Night: Perez vs. Taira,,Lucas Almeida,loss,3,"Feb. 10, 2024",UFC Fight Night: Hermansson vs. Pyfer,,Bolaji Oki,loss,3,"Aug. 29, 2023",DWCS 7.4,,Mateo Vogel,win,3,,,,,,,,,,,,,,,,,,,,,,,,
Mandel Nallo,http://www.ufcstats.com/fighter-details/8f4528c10bd34fab,8.26,58,5.03,54,0.00,0,100,0.0,2,"Apr. 18, 2026",UFC Fight Night: Burns vs. Malott,KO/TKO,Jai Herbert,loss,1,"Sep. 02, 2025",DWCS 9.4,KO/TKO,Samuel Silva,win,1,,,,,,,,,,,,,,,,,,,,,,,,,,,,,,,,,,,,,,,,,,,,,,,,
Nate Landwehr,http://www.ufcstats.com/fighter-details/583ee11abddfc581,5.55,45,5.96,51,0.73,41,71,0.7,11,"Apr. 11, 2026",UFC 327: Prochazka vs. Ulberg,KO/TKO,Cub Swanson,loss,1,"Jul. 12, 2025",UFC Fight Night: Lewis vs. Teixeira,KO/TKO,Morgan Charriere,loss,3,"Dec. 07, 2024",UFC 310: Pantoja vs. Asakura,KO/TKO,Dooho Choi,loss,3,"Mar. 30, 2024",UFC Fight Night: Blanchfield vs. Fiorot,KO/TKO,Jamall Emmers,win,1,"Jun. 10, 2023",UFC 289: Nunes vs. Aldana,,Dan Ige,loss,3,"Mar. 25, 2023",UFC Fight Night: Vera vs. Sandhagen,,Austin Lingo,win,2,"Aug. 13, 2022",UFC Fight Night: Vera vs. Cruz,,David Onama,win,3,"Oct. 16, 2021",UFC Fight Night: Ladd vs. Dumont,,Ludovit Klein,win,3,"Feb. 20, 2021",UFC Fight Night: Blaydes vs. Lewis,KO/TKO,Julian Erosa,loss,1,"May. 16, 2020",UFC Fight Night: Overeem vs. Harris,,Darren Elkins,win,3
Tanner Boser,http://www.ufcstats.com/fighter-details/04c8b08b16a5b99e,4.82,53,3.00,57,0.00,0,69,0.0,11,"Apr. 18, 2026",UFC Fight Night: Burns vs. Malott,KO/TKO,Gokhan Saricam,loss,2,"Aug. 05, 2023",UFC Fight Night: Sandhagen vs. Font,,Aleksa Camur,win,3,"Apr. 15, 2023",UFC Fight Night: Holloway vs. Allen,KO/TKO,Ion Cutelaba,loss,1,"Sep. 17, 2022",UFC Fight Night: Sandhagen vs. Song,,Rodrigo Nascimento,loss,3,"Jun. 26, 2021",UFC Fight Night: Gane vs. Volkov,KO/TKO,Ovince Saint Preux,win,2,"Jun. 05, 2021",UFC Fight Night: Rozenstruik vs. Sakai,,Ilir Latifi,loss,3,"Nov. 07, 2020",UFC Fight Night: Santos vs. Teixeira,,Andrei Arlovski,loss,3,"Jul. 25, 2020",UFC Fight Night: Whittaker vs. Till,KO/TKO,Raphael Pessoa,win,2,"Jun. 27, 2020",UFC Fight Night: Poirier vs. Hooker,KO/TKO,Philipe Lins,win,1,"Dec. 21, 2019",UFC Fight Night: Edgar vs. The Korean Zombie,,Ciryl Gane,loss,3
Jhonata Diniz,http://www.ufcstats.com/fighter-details/25f9a5f3e8a52618,3.89,56,3.62,56,0.00,0,70,0.0,6,"Oct. 11, 2025",UFC Fight Night: Oliveira vs. Gamrot,KO/TKO,Mario Pinto,loss,2,"Jun. 28, 2025",UFC 317: Topuria vs. Oliveira,,Alvin Hines,win,3,"Nov. 16, 2024",UFC 309: Jones vs. Miocic,KO/TKO,Marcin Tybura,loss,2,"Aug. 10, 2024",UFC Fight Night: Tybura vs. Spivac 2,,Karl Williams,win,3,"Apr. 27, 2024",UFC Fight Night: Nicolau vs. Perez,KO/TKO,Austen Lane,win,2,"Sep. 12, 2023",DWCS 7.6,KO/TKO,Eduardo Neves,win,1,,,,,,,,,,,,,,,,,,,,,,,,
Julien Leblanc,http://www.ufcstats.com/fighter-details/cd0dfd9846bd03b9,1.69,66,2.96,46,0.00,0,0,0.0,1,"Apr. 18, 2026",UFC Fight Night: Burns vs. Malott,,Robert Valentin,loss,1,,,,,,,,,,,,,,,,,,,,,,,,,,,,,,,,,,,,,,,,,,,,,,,,,,,,,,
Gilbert Urbina,http://www.ufcstats.com/fighter-details/b12fb759e02378de,6.68,57,4.72,47,2.73,44,0,0.7,5,"Aug. 01, 2026",UFC Fight Night: Medic vs. Rodriguez,KO/TKO,Vlasto Cepo,win,1,"Aug. 09, 2025",UFC Fight Night: Dolidze vs. Hernandez,KO/TKO,Uros Medic,loss,1,"Feb. 03, 2024",UFC Fight Night: Dolidze vs. Imavov,KO/TKO,Charles Radtke,loss,1,"May. 20, 2023",UFC Fight Night: Dern vs. Hill,KO/TKO,Orion Cosce,win,2,"Aug. 28, 2021",UFC Fight Night: Barboza vs. Chikadze,,Bryan Battle,loss,2,,,,,,,,,,,,,,,,,,,,,,,,,,,,,,
Javad Mahjoub,http://www.ufcstats.com/fighter-details/e9f9add1481fc11c,0.00,0,0.00,0,0.00,0,0,0.0,0,,,,,,,,,,,,,,,,,,,,,,,,,,,,,,,,,,,,,,,,,,,,,,,,,,,,,,,,,,,,
Louie Sutherland,http://www.ufcstats.com/fighter-details/cdb7b38b1b357f26,1.80,69,1.95,35,4.49,40,33,0.0,4,"Aug. 08, 2026",UFC Fight Night: Gamrot vs. Salkilld,,Jose Montanha,loss,1,"May. 02, 2026",UFC Fight Night: Della Maddalena vs. Prates,,Tai Tuivasa,win,3,"Mar. 21, 2026",UFC Fight Night: Evloev vs. Murphy,KO/TKO,Brando Pericic,loss,1,"Oct. 25, 2025",UFC 321: Aspinall vs. Gane,,Valter Walker,loss,1,,,,,,,,,,,,,,,,,,,,,,,,,,,,,,,,,,,,
Jamey-Lyn Horth,http://www.ufcstats.com/fighter-details/5c637af9472ae7cc,3.80,47,2.64,63,0.98,42,80,0.2,7,"Apr. 18, 2026",UFC Fight Night: Burns vs. Malott,,JJ Aldrich,loss,3,"Dec. 13, 2025",UFC Fight Night: Royval vs. Kape,KO/TKO,Tereza Bleda,win,1,"Jun. 14, 2025",UFC Fight Night: Usman vs. Buckley,,Vanessa Demopoulos,win,3,"Dec. 14, 2024",UFC Fight Night: Covington vs. Buckley,,Miranda Maverick,loss,3,"Nov. 02, 2024",UFC Fight Night: Moreno vs. Albazi,,Ivana Petrovic,win,3,"Dec. 02, 2023",UFC Fight Night: Dariush vs. Tsarukyan,,Veronica Hardy,loss,3,"Apr. 29, 2023",UFC Fight Night: Song vs. Simon,,Hailey Cowan,win,3,,,,,,,,,,,,,,,,,,
Katlyn Cerminara,http://www.ufcstats.com/fighter-details/e872e9a9a902c045,4.58,34,4.48,62,0.31,15,50,0.3,17,"Mar. 09, 2024",UFC 299: O'Malley vs. Vera 2,,Maycee Barber,loss,3,"Oct. 22, 2022",UFC 280: Oliveira vs. Makhachev,,Manon Fiorot,loss,3,"May. 14, 2022",UFC Fight Night: Blachowicz vs. Rakic,,Amanda Ribas,win,3,"Jan. 15, 2022",UFC Fight Night: Kattar vs. Chikadze,,Jennifer Maia,win,3,"May. 15, 2021",UFC 262: Oliveira vs. Chandler,,Viviane Araujo,win,3,"Nov. 21, 2020",UFC 255: Figueiredo vs. Perez,,Cynthia Calvillo,win,3,"Oct. 17, 2020",UFC Fight Night: Ortega vs. The Korean Zombie,KO/TKO,Jessica Andrade,loss,1,"May. 30, 2020",UFC Fight Night: Woodley vs. Burns,,Antonina Shevchenko,win,3,"Feb. 08, 2020",UFC 247: Jones vs. Reyes,KO/TKO,Valentina Shevchenko,loss,3,"Nov. 02, 2019",UFC 244: Masvidal vs. Diaz,,Jennifer Maia,win,3
Chad Anheliger,http://www.ufcstats.com/fighter-details/c7c39e2fb70248b3,3.11,46,2.76,53,0.68,30,38,0.5,6,"Nov. 02, 2024",UFC Fight Night: Moreno vs. Albazi,,Cody Gibson,loss,3,"Mar. 16, 2024",UFC Fight Night: Tuivasa vs. Tybura,,Charalampos Grigoriou,win,3,"Nov. 18, 2023",UFC Fight Night: Allen vs. Craig,,Jose Johnson,loss,3,"Sep. 10, 2022",UFC 279: Diaz vs. Ferguson,,Alatengheili,loss,3,"Feb. 19, 2022",UFC Fight Night: Walker vs. Hill,KO/TKO,Jesse Strader,win,3,"Sep. 07, 2021",DWCS 5.2,,Muin Gafurov,win,3,,,,,,,,,,,,,,,,,,,,,,,,
Steven Koslow,http://www.ufcstats.com/fighter-details/84512339473dd300,0.77,37,3.73,40,5.28,55,0,1.1,1,"Dec. 10, 2022",UFC 282: Blachowicz vs. Ankalaev,KO/TKO,Cameron Saaiman,loss,3,,,,,,,,,,,,,,,,,,,,,,,,,,,,,,,,,,,,,,,,,,,,,,,,,,,,,,
Melissa Croden,http://www.ufcstats.com/fighter-details/51e2f44a8dbf6984,4.27,47,2.13,59,2.02,50,66,0.3,3,"Apr. 18, 2026",UFC Fight Night: Burns vs. Malott,,Daria Zhelezniakova,win,3,"Dec. 13, 2025",UFC Fight Night: Royval vs. Kape,,Luana Santos,loss,3,"Oct. 18, 2025",UFC Fight Night: De Ridder vs. Allen,KO/TKO,Tainara Lisboa,win,3,,,,,,,,,,,,,,,,,,,,,,,,,,,,,,,,,,,,,,,,,,
Chelsea Chandler,http://www.ufcstats.com/fighter-details/af9efbfd63d39734,3.52,45,4.27,40,0.81,60,25,0.3,6,"Jun. 06, 2026",UFC Fight Night: Muhammad vs. Bonfim,,Priscila Cachoeira,win,1,"Apr. 26, 2025",UFC Fight Night: Machado Garry vs. Prates,KO/TKO,Joselyne Edwards,loss,1,"Aug. 10, 2024",UFC Fight Night: Tybura vs. Spivac 2,,Yana Santos,loss,3,"Mar. 16, 2024",UFC Fight Night: Tuivasa vs. Tybura,,Josiane Nunes,win,3,"Jul. 15, 2023",UFC Fight Night: Holm vs. Bueno Silva,,Norma Dumont,loss,3,"Oct. 01, 2022",UFC Fight Night: Dern vs. Yan,KO/TKO,Julija Stoliarenko,win,1,,,,,,,,,,,,,,,,,,,,,,,,
Cody Chovancek,http://www.ufcstats.com/fighter-details/3c4320a1b6106611,2.85,50,2.46,51,0.00,0,83,0.0,1,"Sep. 16, 2025",DWCS 9.6,KO/TKO,Raphael Uchegbu,win,3,,,,,,,,,,,,,,,,,,,,,,,,,,,,,,,,,,,,,,,,,,,,,,,,,,,,,,
SuYoung You,http://www.ufcstats.com/fighter-details/a474aade8eb3a8f0,2.15,47,2.01,68,4.26,47,66,0.4,6,"Mar. 14, 2026",UFC Fight Night: Emmett vs. Vallejos,,Elijah Smith,loss,2,"Aug. 23, 2025",UFC Fight Night: Walker vs. Zhang,,Xiao Long,win,3,"Mar. 15, 2025",UFC Fight Night: Vettori vs. Dolidze 2,,AJ Cunningham,win,3,"Nov. 23, 2024",UFC Fight Night: Yan vs. Figueiredo,,Baergeng Jieleyisi,win,3,"Aug. 23, 2024",Road to UFC 3.5 + 3.6,,Daermisi Zhawupasi,win,3,"May. 19, 2024",Road to UFC 3.3 + 3.4,,Shohei Nose,win,3,,,,,,,,,,,,,,,,,,,,,,,,
Alexander Volkanovski,http://www.ufcstats.com/fighter-details/e1248941344b3288,5.99,57,3.31,58,1.63,34,68,0.2,18,"Jan. 31, 2026",UFC 325: Volkanovski vs. Lopes 2,,Diego Lopes,win,5,"Apr. 12, 2025",UFC 314: Volkanovski vs. Lopes,,Diego Lopes,win,5,"Feb. 17, 2024",UFC 298: Volkanovski vs. Topuria,KO/TKO,Ilia Topuria,loss,2,"Oct. 21, 2023",UFC 294: Makhachev vs. Volkanovski 2,KO/TKO,Islam Makhachev,loss,1,"Jul. 08, 2023",UFC 290: Volkanovski vs. Rodriguez,KO/TKO,Yair Rodriguez,win,3,"Feb. 11, 2023",UFC 284: Makhachev vs. Volkanovski,,Islam Makhachev,loss,5,"Jul. 02, 2022",UFC 276: Adesanya vs. Cannonier,,Max Holloway,win,5,"Apr. 09, 2022",UFC 273: Volkanovski vs. The Korean Zombie,KO/TKO,Chan Sung Jung,win,4,"Sep. 25, 2021",UFC 266: Volkanovski vs. Ortega,,Brian Ortega,win,5,"Jul. 11, 2020",UFC 251: Usman vs. Masvidal,,Max Holloway,win,5
Movsar Evloev,http://www.ufcstats.com/fighter-details/76e2870ffafbe38f,3.91,47,2.80,61,4.78,52,61,0.2,10,"Mar. 21, 2026",UFC Fight Night: Evloev vs. Murphy,,Lerone Murphy,win,5,"Dec. 07, 2024",UFC 310: Pantoja vs. Asakura,,Aljamain Sterling,win,3,"Jan. 20, 2024",UFC 297: Strickland vs. Du Plessis,,Arnold Allen,win,3,"May. 06, 2023",UFC 288: Sterling vs. Cejudo,,Diego Lopes,win,3,"Jun. 04, 2022",UFC Fight Night: Volkov vs. Rozenstruik,,Dan Ige,win,3,"Jun. 12, 2021",UFC 263: Adesanya vs. Vettori 2,,Hakeem Dawodu,win,3,"Jan. 23, 2021",UFC 257: Poirier vs. McGregor,,Nik Lentz,win,3,"Jul. 25, 2020",UFC Fight Night: Whittaker vs. Till,,Mike Grundy,win,3,"Oct. 26, 2019",UFC Fight Night: Maia vs. Askren,,Enrique Barzola,win,3,"Apr. 20, 2019",UFC Fight Night: Overeem vs. Oleinik,,SeungWoo Choi,win,3
Petr Yan,http://www.ufcstats.com/fighter-details/d661ce4da776fc20,5.16,54,4.24,59,1.70,49,86,0.1,16,"Dec. 06, 2025",UFC 323: Dvalishvili vs. Yan 2,,Merab Dvalishvili,win,5,"Jul. 26, 2025",UFC Fight Night: Whittaker vs. De Ridder,,Marcus McGhee,win,3,"Nov. 23, 2024",UFC Fight Night: Yan vs. Figueiredo,,Deiveson Figueiredo,win,5,"Mar. 09, 2024",UFC 299: O'Malley vs. Vera 2,,Song Yadong,win,3,"Mar. 11, 2023",UFC Fight Night: Yan vs. Dvalishvili,,Merab Dvalishvili,loss,5,"Oct. 22, 2022",UFC 280: Oliveira vs. Makhachev,,Sean O'Malley,loss,3,"Apr. 09, 2022",UFC 273: Volkanovski vs. The Korean Zombie,,Aljamain Sterling,loss,5,"Oct. 30, 2021",UFC 267: Blachowicz vs. Teixeira,,Cory Sandhagen,win,5,"Mar. 06, 2021",UFC 259: Blachowicz vs. Adesanya,DQ,Aljamain Sterling,loss,4,"Jul. 11, 2020",UFC 251: Usman vs. Masvidal,KO/TKO,Jose Aldo,win,5
Merab Dvalishvili,http://www.ufcstats.com/fighter-details/c03520b5c88ed6b4,4.42,41,2.80,54,5.97,35,76,0.3,17,"Dec. 06, 2025",UFC 323: Dvalishvili vs. Yan 2,,Petr Yan,loss,5,"Oct. 04, 2025",UFC 320: Ankalaev vs. Pereira 2,,Cory Sandhagen,win,5,"Jun. 07, 2025",UFC 316: Dvalishvili vs. O'Malley 2,,Sean O'Malley,win,3,"Jan. 18, 2025",UFC 311: Makhachev vs. Moicano,,Umar Nurmagomedov,win,5,"Sep. 14, 2024",UFC 306: Riyadh Season Noche UFC,,Sean O'Malley,win,5,"Feb. 17, 2024",UFC 298: Volkanovski vs. Topuria,,Henry Cejudo,win,3,"Mar. 11, 2023",UFC Fight Night: Yan vs. Dvalishvili,,Petr Yan,win,5,"Aug. 20, 2022",UFC 278: Usman vs. Edwards,,Jose Aldo,win,3,"Sep. 25, 2021",UFC 266: Volkanovski vs. Ortega,KO/TKO,Marlon Moraes,win,2,"May. 01, 2021",UFC Fight Night: Reyes vs. Prochazka,,Cody Stamann,win,3
Lone'er Kavanagh,http://www.ufcstats.com/fighter-details/bb2c3c3a466224af,4.13,50,3.94,53,1.12,46,82,0.4,6,"Jul. 11, 2026",UFC 329: McGregor vs. Holloway 2,,Brandon Royval,loss,3,"Feb. 28, 2026",UFC Fight Night: Moreno vs. Kavanagh,,Brandon Moreno,win,5,"Aug. 23, 2025",UFC Fight Night: Walker vs. Zhang,KO/TKO,Charles Johnson,loss,2,"Mar. 22, 2025",UFC Fight Night: Edwards vs. Brady,,Felipe dos Santos,win,3,"Nov. 23, 2024",UFC Fight Night: Yan vs. Figueiredo,,Jose Ochoa,win,3,"Aug. 13, 2024",DWCS 8.1,KO/TKO,An Tuan Ho,win,1,,,,,,,,,,,,,,,,,,,,,,,,
Ramazan Temirov,http://www.ufcstats.com/fighter-details/7d0a1968b38ca439,4.73,41,3.65,62,0.68,50,100,0.0,3,"Jul. 25, 2026",UFC Fight Night: Ankalaev vs. Guskov,KO/TKO,Steve Erceg,win,1,"Mar. 01, 2025",UFC Fight Night: Kape vs. Almabayev,,Charles Johnson,win,3,"Oct. 12, 2024",UFC Fight Night: Royval vs. Taira,KO/TKO,CJ Vergara,win,1,,,,,,,,,,,,,,,,,,,,,,,,,,,,,,,,,,,,,,,,,,
Alexander Volkov,http://www.ufcstats.com/fighter-details/279566840aa55bf2,4.84,57,2.90,54,0.54,62,68,0.2,19,"May. 09, 2026",UFC 328: Chimaev vs. Strickland,,Waldo Cortes Acosta,win,3,"Oct. 25, 2025",UFC 321: Aspinall vs. Gane,,Jailton Almeida,win,3,"Dec. 07, 2024",UFC 310: Pantoja vs. Asakura,,Ciryl Gane,loss,3,"Jun. 22, 2024",UFC Fight Night: Whittaker vs. Aliskerov,,Sergei Pavlovich,win,3,"Sep. 09, 2023",UFC 293: Adesanya vs. Strickland,,Tai Tuivasa,win,2,"Mar. 11, 2023",UFC Fight Night: Yan vs. Dvalishvili,KO/TKO,Alexandr Romanov,win,1,"Jun. 04, 2022",UFC Fight Night: Volkov vs. Rozenstruik,KO/TKO,Jairzinho Rozenstruik,win,1,"Mar. 19, 2022",UFC Fight Night: Volkov vs. Aspinall,,Tom Aspinall,loss,1,"Oct. 30, 2021",UFC 267: Blachowicz vs. Teixeira,,Marcin Tybura,win,3,"Jun. 26, 2021",UFC Fight Night: Gane vs. Volkov,,Ciryl Gane,loss,5
Rizvan Kuniev,http://www.ufcstats.com/fighter-details/739fd4fbb5d862f4,4.32,54,2.22,49,0.79,75,93,0.0,5,"Jul. 25, 2026",UFC Fight Night: Ankalaev vs. Guskov,KO/TKO,Tyrell Fortune,win,3,"Feb. 07, 2026",UFC Fight Night: Bautista vs. Oliveira,,Jailton Almeida,win,3,"Jun. 21, 2025",UFC Fight Night: Hill vs. Rountree Jr.,,Curtis Blaydes,loss,3,"Aug. 20, 2024",DWCS 8.2,KO/TKO,Hugo Cunha,win,1,"Sep. 28, 2021",DWCS 5.5,KO/TKO,Edivan Santos,win,3,,,,,,,,,,,,,,,,,,,,,,,,,,,,,,
Arnold Allen,http://www.ufcstats.com/fighter-details/040a74bb0a465c54,3.52,43,3.15,60,1.24,60,73,0.3,15,"May. 16, 2026",UFC Fight Night: Allen vs. Costa,,Melquizael Costa,win,5,"Jan. 24, 2026",UFC 324: Gaethje vs. Pimblett,,Jean Silva,loss,3,"Jul. 27, 2024",UFC 304: Edwards vs. Muhammad 2,,Giga Chikadze,win,3,"Jan. 20, 2024",UFC 297: Strickland vs. Du Plessis,,Movsar Evloev,loss,3,"Apr. 15, 2023",UFC Fight Night: Holloway vs. Allen,,Max Holloway,loss,5,"Oct. 29, 2022",UFC Fight Night: Kattar vs. Allen,KO/TKO,Calvin Kattar,win,2,"Mar. 19, 2022",UFC Fight Night: Volkov vs. Aspinall,KO/TKO,Dan Hooker,win,1,"Apr. 10, 2021",UFC Fight Night: Vettori vs. Holland,,Sodiq Yusuff,win,3,"Jan. 25, 2020",UFC Fight Night: Blaydes vs. Dos Santos,,Nik Lentz,win,3,"Jul. 06, 2019",UFC 239: Jones vs. Santos,,Gilbert Melendez,win,3
Aaron Pico,http://www.ufcstats.com/fighter-details/5537efc6e496dd84,6.16,53,3.11,45,6.54,50,0,0.0,2,"Apr. 11, 2026",UFC 327: Prochazka vs. Ulberg,,Patricio Pitbull,win,3,"Aug. 16, 2025",UFC 319: Du Plessis vs. Chimaev,KO/TKO,Lerone Murphy,loss,1,,,,,,,,,,,,,,,,,,,,,,,,,,,,,,,,,,,,,,,,,,,,,,,,
Azamat Murzakanov,http://www.ufcstats.com/fighter-details/e90a2f22417af68e,4.40,56,3.20,56,0.68,20,88,0.2,8,"Apr. 11, 2026",UFC 327: Prochazka vs. Ulberg,KO/TKO,Paulo Costa,loss,3,"Oct. 25, 2025",UFC 321: Aspinall vs. Gane,KO/TKO,Aleksandar Rakic,win,1,"Jun. 07, 2025",UFC 316: Dvalishvili vs. O'Malley 2,KO/TKO,Brendson Ribeiro,win,1,"Aug. 03, 2024",UFC Fight Night: Sandhagen vs. Nurmagomedov,KO/TKO,Alonzo Menifield,win,2,"Apr. 15, 2023",UFC Fight Night: Holloway vs. Allen,,Dustin Jacoby,win,3,"Aug. 13, 2022",UFC Fight Night: Vera vs. Cruz,KO/TKO,Devin Clark,win,3,"Mar. 12, 2022",UFC Fight Night: Santos vs. Ankalaev,KO/TKO,Tafon Nchukwi,win,3,"Aug. 31, 2021",DWCS 5.1,KO/TKO,Matheus Scheffel,win,1,,,,,,,,,,,,
Dominick Reyes,http://www.ufcstats.com/fighter-details/2e19380f34871c6a,4.99,53,3.40,49,0.25,28,82,0.2,15,"Apr. 11, 2026",UFC 327: Prochazka vs. Ulberg,,Johnny Walker,win,3,"Sep. 27, 2025",UFC Fight Night: Ulberg vs. Reyes,KO/TKO,Carlos Ulberg,loss,1,"Apr. 12, 2025",UFC 314: Volkanovski vs. Lopes,KO/TKO,Nikita Krylov,win,1,"Dec. 07, 2024",UFC 310: Pantoja vs. Asakura,KO/TKO,Anthony Smith,win,2,"Jun. 08, 2024",UFC Fight Night: Cannonier vs. Imavov,KO/TKO,Dustin Jacoby,win,1,"Nov. 12, 2022",UFC 281: Adesanya vs. Pereira,KO/TKO,Ryan Spann,loss,1,"May. 01, 2021",UFC Fight Night: Reyes vs. Prochazka,KO/TKO,Jiri Prochazka,loss,2,"Sep. 26, 2020",UFC 253: Adesanya vs. Costa,KO/TKO,Jan Blachowicz,loss,2,"Feb. 08, 2020",UFC 247: Jones vs. Reyes,,Jon Jones,loss,5,"Oct. 18, 2019",UFC Fight Night: Reyes vs. Weidman,KO/TKO,Chris Weidman,win,1
Nikita Krylov,http://www.ufcstats.com/fighter-details/1091d4d957141094,4.38,54,2.75,48,2.19,38,53,1.1,22,"Jul. 11, 2026",UFC 329: McGregor vs. Holloway 2,KO/TKO,Robert Whittaker,loss,3,"Jan. 24, 2026",UFC 324: Gaethje vs. Pimblett,KO/TKO,Modestas Bukauskas,win,3,"Jul. 26, 2025",UFC Fight Night: Whittaker vs. De Ridder,KO/TKO,Bogdan Guskov,loss,1,"Apr. 12, 2025",UFC 314: Volkanovski vs. Lopes,KO/TKO,Dominick Reyes,loss,1,"Mar. 11, 2023",UFC Fight Night: Yan vs. Dvalishvili,,Ryan Spann,win,1,"Oct. 22, 2022",UFC 280: Oliveira vs. Makhachev,,Volkan Oezdemir,win,3,"Jul. 23, 2022",UFC Fight Night: Blaydes vs. Aspinall,KO/TKO,Alexander Gustafsson,win,1,"Mar. 19, 2022",UFC Fight Night: Volkov vs. Aspinall,,Paul Craig,loss,1,"Feb. 27, 2021",UFC Fight Night: Rozenstruik vs. Gane,,Magomed Ankalaev,loss,3,"Mar. 14, 2020",UFC Fight Night: Lee vs. Oliveira,,Johnny Walker,win,3
Abdul Rakhman Yakhyaev,http://www.ufcstats.com/fighter-details/95aff2fd8d09a5f0,8.64,68,2.22,59,11.11,75,100,7.4,4,"Jun. 27, 2026",UFC Fight Night: Fiziev vs. Torres,KO/TKO,Julius Walker,win,1,"Apr. 04, 2026",UFC Fight Night: Moicano vs. Duncan,,Brendson Ribeiro,win,1,"Nov. 22, 2025",UFC Fight Night: Tsarukyan vs. Hooker,,Rafael Cerqueira,win,1,"Aug. 26, 2025",DWCS 9.3,KO/TKO,Alik Lorenz,win,1,,,,,,,,,,,,,,,,,,,,,,,,,,,,,,,,,,,,
Abus Magomedov,http://www.ufcstats.com/fighter-details/36b8f265bcd1b7a4,3.06,48,3.34,56,2.50,59,100,0.6,8,"Jun. 27, 2026",UFC Fight Night: Fiziev vs. Torres,,Michal Oleksiejczuk,win,1,"Oct. 04, 2025",UFC 320: Ankalaev vs. Pereira 2,,Joe Pyfer,loss,2,"Apr. 26, 2025",UFC Fight Night: Machado Garry vs. Prates,,Michel Pereira,win,3,"Oct. 26, 2024",UFC 308: Topuria vs. Holloway,,Brunno Ferreira,win,3,"May. 18, 2024",UFC Fight Night: Barboza vs. Murphy,,Warlley Alves,win,3,"Nov. 04, 2023",UFC Fight Night: Almeida vs. Lewis,,Caio Borralho,loss,3,"Jul. 01, 2023",UFC Fight Night: Strickland vs. Magomedov,KO/TKO,Sean Strickland,loss,2,"Sep. 03, 2022",UFC Fight Night: Gane vs. Tuivasa,KO/TKO,Dustin Stoltzfus,win,1,,,,,,,,,,,,
Cam Rowston,http://www.ufcstats.com/fighter-details/8ebc3a8da015d70c,4.60,48,2.12,52,1.34,44,33,0.3,5,"May. 02, 2026",UFC Fight Night: Della Maddalena vs. Prates,,Robert Bryczek,win,3,"Jan. 31, 2026",UFC 325: Volkanovski vs. Lopes 2,KO/TKO,Cody Brundage,win,2,"Sep. 27, 2025",UFC Fight Night: Ulberg vs. Reyes,KO/TKO,Andre Petroski,win,1,"Aug. 19, 2025",DWCS 9.2,KO/TKO,Brandon Holmes,win,1,"Aug. 20, 2024",DWCS 8.2,,Torrez Finney,loss,3,,,,,,,,,,,,,,,,,,,,,,,,,,,,,,
Grant Dawson,http://www.ufcstats.com/fighter-details/99bd51917728c25d,3.14,51,2.14,44,3.58,39,66,1.4,16,"May. 09, 2026",UFC 328: Chimaev vs. Strickland,,Mateusz Rebecki,win,3,"Dec. 06, 2025",UFC 323: Dvalishvili vs. Yan 2,KO/TKO,Manuel Torres,loss,1,"Jan. 18, 2025",UFC 311: Makhachev vs. Moicano,,Diego Ferreira,win,3,"Oct. 12, 2024",UFC Fight Night: Royval vs. Taira,KO/TKO,Rafa Garcia,win,2,"Jun. 01, 2024",UFC 302: Makhachev vs. Poirier,,Joe Solecki,win,3,"Oct. 07, 2023",UFC Fight Night: Dawson vs. Green,KO/TKO,King Green,loss,1,"Jul. 01, 2023",UFC Fight Night: Strickland vs. Magomedov,,Damir Ismagulov,win,3,"Nov. 05, 2022",UFC Fight Night: Rodriguez vs. Lemos,,Mark Madsen,win,3,"Apr. 30, 2022",UFC Fight Night: Font vs. Vera,,Jared Gordon,win,3,"Oct. 23, 2021",UFC Fight Night: Costa vs. Vettori,,Ricky Glenn,draw,3
Nurullo Aliev,http://www.ufcstats.com/fighter-details/ca28cdf526d6b6e9,2.29,44,1.59,55,3.48,51,80,0.5,5,"Jul. 25, 2026",UFC Fight Night: Ankalaev vs. Guskov,,Mike Davis,win,3,"Nov. 22, 2025",UFC Fight Night: Tsarukyan vs. Hooker,,Shem Rock,win,3,"Jan. 11, 2025",UFC Fight Night: Dern vs. Ribas 2,,Joe Solecki,win,3,"Feb. 25, 2023",UFC Fight Night: Muniz vs. Allen,,Rafael Alves,win,3,"Sep. 20, 2022",DWCS 6.9,KO/TKO,Josh Wick,win,1,,,,,,,,,,,,,,,,,,,,,,,,,,,,,,
Renato Moicano,http://www.ufcstats.com/fighter-details/b6452706b373eea1,4.10,49,3.55,59,1.68,40,64,0.6,20,"Apr. 04, 2026",UFC Fight Night: Moicano vs. Duncan,,Chris Duncan,win,2,"Jun. 28, 2025",UFC 317: Topuria vs. Oliveira,,Beneil Dariush,loss,3,"Jan. 18, 2025",UFC 311: Makhachev vs. Moicano,,Islam Makhachev,loss,1,"Sep. 28, 2024",UFC Fight Night: Moicano vs. Saint Denis,KO/TKO,Benoit Saint Denis,win,2,"Apr. 13, 2024",UFC 300: Pereira vs. Hill,KO/TKO,Jalin Turner,win,2,"Feb. 03, 2024",UFC Fight Night: Dolidze vs. Imavov,,Drew Dober,win,3,"Nov. 12, 2022",UFC 281: Adesanya vs. Pereira,,Brad Riddell,win,1,"Mar. 05, 2022",UFC 272: Covington vs. Masvidal,,Rafael Dos Anjos,loss,5,"Feb. 12, 2022",UFC 271: Adesanya vs. Whittaker 2,,Alexander Hernandez,win,2,"Jun. 26, 2021",UFC Fight Night: Gane vs. Volkov,,Jai Herbert,win,2
Tom Nolan,http://www.ufcstats.com/fighter-details/6c3b2525436cf5d4,4.84,45,3.74,48,1.08,26,58,1.4,7,"Jun. 06, 2026",UFC Fight Night: Muhammad vs. Bonfim,,Fares Ziam,win,3,"Sep. 27, 2025",UFC Fight Night: Ulberg vs. Reyes,,Charlie Campbell,win,1,"Feb. 08, 2025",UFC 312: Du Plessis vs. Strickland 2,,Viacheslav Borshchev,win,3,"Aug. 17, 2024",UFC 305: Du Plessis vs. Adesanya,,Alex Reyes,win,3,"May. 18, 2024",UFC Fight Night: Barboza vs. Murphy,KO/TKO,Victor Martinez,win,1,"Jan. 13, 2024",UFC Fight Night: Ankalaev vs. Walker 2,KO/TKO,Nikolas Motta,loss,1,"Aug. 08, 2023",DWCS 7.1,KO/TKO,Bogdan Grad,win,1,,,,,,,,,,,,,,,,,,
Nick Klein,http://www.ufcstats.com/fighter-details/7eaa5e31c2dd86aa,2.51,56,3.41,39,5.79,35,66,1.9,3,"Aug. 02, 2025",UFC Fight Night: Taira vs. Park,KO/TKO,Andrey Pulyaev,loss,2,"Feb. 22, 2025",UFC Fight Night: Cejudo vs. Song,KO/TKO,Mansur Abdul-Malik,loss,2,"Oct. 15, 2024",DWCS 8.10,,Heraldo Souza,win,1,,,,,,,,,,,,,,,,,,,,,,,,,,,,,,,,,,,,,,,,,,
Joe Kropschot,http://www.ufcstats.com/fighter-details/8a81a0707350c4a8,7.93,61,3.93,62,1.00,50,50,3.0,1,"Aug. 11, 2026",DWCS 10.1,,Jon Kunneman,win,3,,,,,,,,,,,,,,,,,,,,,,,,,,,,,,,,,,,,,,,,,,,,,,,,,,,,,,
Lucia Szabova,http://www.ufcstats.com/fighter-details/184f6ec4ee712e9f,0.00,0,0.00,0,0.00,0,0,0.0,0,,,,,,,,,,,,,,,,,,,,,,,,,,,,,,,,,,,,,,,,,,,,,,,,,,,,,,,,,,,,
Tainara Lisboa,http://www.ufcstats.com/fighter-details/2c5f5749569eef66,2.01,44,2.88,45,1.67,31,53,0.3,4,"Oct. 18, 2025",UFC Fight Night: De Ridder vs. Allen,KO/TKO,Melissa Croden,loss,3,"May. 17, 2025",UFC Fight Night: Burns vs. Morales,,Luana Santos,loss,2,"Oct. 14, 2023",UFC Fight Night: Yusuff vs. Barboza,,Ravena Oliveira,win,3,"May. 13, 2023",UFC Fight Night: Rozenstruik vs. Almeida,,Jessica-Rose Clark,win,3,,,,,,,,,,,,,,,,,,,,,,,,,,,,,,,,,,,,
