event,fighter_a,fighter_b,odds_a,odds_b,best_odds_a,best_odds_b,num_books
2026-10-11T00:00:00+00:00,Alice Pereira,Darya Zheleznyakova,-130,+110,-130,+120,6
2026-10-11T00:00:00+00:00,Allen Frye Jr.,RJ Harris,+216,-260,+225,-260,5
2026-10-11T00:00:00+00:00,Andre Fili,Kai Kamaka,-155,+130,-143,+130,6
2026-10-11T00:00:00+00:00,Brendan Allen,Christian Leroy Duncan,-160,+130,-130,+130,6
2026-10-11T00:00:00+00:00,Ernesta Kareckaite,Melissa Gatto,+115,-140,+115,-125,6
2026-10-11T00:00:00+00:00,Felipe Franco,Brendson Ribeiro,-340,+276,-335,+285,5
2026-10-11T00:00:00+00:00,Francisco Prado,Ismael Bonfim,+110,-130,+110,-118,6
2026-10-11T00:00:00+00:00,Julius Walker,Gerald Meerschaert,-250,+200,-250,+215,6
2026-10-11T00:00:00+00:00,Lupita Godinez,Ketlen Souza,-225,+189,-225,+190,4
2026-10-11T00:00:00+00:00,Malcolm Wellmaker,Otari Tanzilovi,-235,+190,-200,+190,6
2026-10-11T00:00:00+00:00,Matheus Camilo,Jai Herbert,-175,+145,-175,+169,6
2026-10-11T00:00:00+00:00,Niko Price,Leon Shahbazyan,+140,-170,+140,-155,6
2026-10-25T03:30:00+00:00,Petr Yan,Merab Dvalishvili,-180,+153,-172,+153,4
2026-10-25T04:00:00+00:00,Alex Volkanovski,Movsar Evloev,+101,-118,+101,-108,5
2026-11-15T05:00:00+00:00,Kayla Harrison,Amanda Nunes,-200,+169,-192,+169,4
2026-11-15T05:30:00+00:00,Ciryl Gane,Josh Hokit,-265,+220,-265,+220,4
2026-12-13T03:00:00+00:00,Bo Nickal,Joseph Pyfer,+132,-155,+132,-155,1
2026-12-13T03:30:00+00:00,Sergey Pavlovich,Alex Pereira,-165,+140,-165,+140,2
2026-12-13T04:00:00+00:00,Charles Oliveira,Diego Lopes,-150,+128,-150,+160,3
2026-12-31T05:00:00+00:00,Justin Gaethje,Ilia Topuria,+210,-250,+210,-250,1
2026-12-31T17:00:00+00:00,Conor McGregor,Jorge Masvidal,-145,+125,-145,+125,1
2027-01-01T03:00:00+00:00,Khamzat Chimaev,Paulo Henrique Costa,-500,+375,-500,+375,1
2027-01-01T03:00:00+00:00,Max Holloway,Paddy Pimblett,-180,+155,-180,+155,1
2027-01-01T03:00:00+00:00,Sean Strickland,Khamzat Chimaev,+175,-205,+175,-205,1
2027-01-01T03:00:00+00:00,Sean Strickland,Nassourdine Imavov,-125,+105,-125,+105,1
2027-04-25T02:00:00+00:00,Islam Makhachev,Carlos Prates,-250,+207,-250,+207,1
2027-04-25T02:00:00+00:00,Islam Makhachev,Michael Morales,-200,+174,-200,+174,1
2027-07-01T02:00:00+00:00,Manel Kape,Joshua Van,-125,+105,-125,+105,1
2027-07-02T02:00:00+00:00,Islam Makhachev,Kamaru Usman,-400,+330,-400,+330,1
2027-07-11T00:00:00+00:00,Paddy Pimblett,Conor McGregor,-160,+140,-160,+140,1
2027-08-01T02:00:00+00:00,Magomed Ankalaev,Carlos Ulberg,-180,+157,-180,+157,1
2027-08-01T02:00:00+00:00,Magomed Ankalaev,Jiri Prochazka,-200,+174,-200,+174,1
2028-07-30T04:00:00+00:00,Justin Gaethje,Arman Tsarukyan,+350,-450,+350,-450,1
