event_name,event_date,event_location,fighter_a,fighter_b,fighter_a_url,fighter_b_url,weight_class
UFC 332: Silva vs. Wang,"October 03, 2026","Salt Lake City, Utah, USA",Natalia Silva,Wang Cong,http://www.ufcstats.com/fighter-details/262d32ebda89efc4,http://www.ufcstats.com/fighter-details/2997e7fe3c9d3d4a,Women's Flyweight
UFC 332: Silva vs. Wang,"October 03, 2026","Salt Lake City, Utah, USA",Deiveson Figueiredo,Payton Talbott,http://www.ufcstats.com/fighter-details/aa72b0f831d0bfe5,http://www.ufcstats.com/fighter-details/6e743a33d56bdaa4,Bantamweight
UFC 332: Silva vs. Wang,"October 03, 2026","Salt Lake City, Utah, USA",King Green,Esteban Ribovics,http://www.ufcstats.com/fighter-details/887961364be5ceb3,http://www.ufcstats.com/fighter-details/323d4ca260dfa0ba,Lightweight
UFC 332: Silva vs. Wang,"October 03, 2026","Salt Lake City, Utah, USA",Roberto Soldic,Khaos Williams,http://www.ufcstats.com/fighter-details/5a229cbd9cdd28ca,http://www.ufcstats.com/fighter-details/2558ae2e5671e318,Welterweight
UFC 332: Silva vs. Wang,"October 03, 2026","Salt Lake City, Utah, USA",Ateba Gautier,Roman Kopylov,http://www.ufcstats.com/fighter-details/2f815ed5f8278ba6,http://www.ufcstats.com/fighter-details/9d83f6da776ff7d6,Middleweight
UFC 332: Silva vs. Wang,"October 03, 2026","Salt Lake City, Utah, USA",Imanol Rodriguez,Alden Coria,http://www.ufcstats.com/fighter-details/6e8349a0a0476d60,http://www.ufcstats.com/fighter-details/5e9ca8dd7d783a75,Flyweight
UFC 332: Silva vs. Wang,"October 03, 2026","Salt Lake City, Utah, USA",Damian Pinas,Andrey Pulyaev,http://www.ufcstats.com/fighter-details/fdd22e895a70e4a8,http://www.ufcstats.com/fighter-details/22e07d3da1aa3475,Middleweight
UFC 332: Silva vs. Wang,"October 03, 2026","Salt Lake City, Utah, USA",Marcus McGhee,Benardo Sopaj,http://www.ufcstats.com/fighter-details/c0ac37a4a1133da9,http://www.ufcstats.com/fighter-details/b6c37948cb226e8c,Bantamweight
UFC 332: Silva vs. Wang,"October 03, 2026","Salt Lake City, Utah, USA",Anthony Wint,Lucas Armand,http://www.ufcstats.com/fighter-details/b34976c022b24568,http://www.ufcstats.com/fighter-details/20e04625a5395a06,Heavyweight
UFC 332: Silva vs. Wang,"October 03, 2026","Salt Lake City, Utah, USA",Johnny Walker,Mick Parkin,http://www.ufcstats.com/fighter-details/c21f26bbde777573,http://www.ufcstats.com/fighter-details/0d5cc0170c1a7e71,Heavyweight
UFC 332: Silva vs. Wang,"October 03, 2026","Salt Lake City, Utah, USA",Rafael Dos Anjos,Alexander Hernandez,http://www.ufcstats.com/fighter-details/6a2f7c151031653d,http://www.ufcstats.com/fighter-details/262a7d06203657e6,Lightweight
UFC 332: Silva vs. Wang,"October 03, 2026","Salt Lake City, Utah, USA",Marvin Vettori,Ismail Naurdiev,http://www.ufcstats.com/fighter-details/7acbb0972e75281a,http://www.ufcstats.com/fighter-details/6a96ad1bc34fb113,Middleweight
UFC 332: Silva vs. Wang,"October 03, 2026","Salt Lake City, Utah, USA",Court McGee,Eric Nolan,http://www.ufcstats.com/fighter-details/523fa774700d7d3f,http://www.ufcstats.com/fighter-details/64b12fe31be7560c,Welterweight
UFC Fight Night: Allen vs. Duncan,"October 10, 2026","Las Vegas, Nevada, USA",Brendan Allen,Christian Leroy Duncan,http://www.ufcstats.com/fighter-details/2f181c0467965b98,http://www.ufcstats.com/fighter-details/a93f94c923c3a9cb,Middleweight
UFC Fight Night: Allen vs. Duncan,"October 10, 2026","Las Vegas, Nevada, USA",Matheus Camilo,Jai Herbert,http://www.ufcstats.com/fighter-details/72f890c5d421e705,http://www.ufcstats.com/fighter-details/4c88a1db5a46c6a4,Lightweight
UFC Fight Night: Allen vs. Duncan,"October 10, 2026","Las Vegas, Nevada, USA",Loopy Godinez,Ketlen Souza,http://www.ufcstats.com/fighter-details/8e5d953bdb9ae5e7,http://www.ufcstats.com/fighter-details/8bd4200561c77a62,Women's Strawweight
UFC Fight Night: Allen vs. Duncan,"October 10, 2026","Las Vegas, Nevada, USA",Andre Fili,Kai Kamaka III,http://www.ufcstats.com/fighter-details/8fd808923cffff82,http://www.ufcstats.com/fighter-details/eee0ef3e2b14816b,Featherweight
UFC Fight Night: Allen vs. Duncan,"October 10, 2026","Las Vegas, Nevada, USA",Julius Walker,Gerald Meerschaert,http://www.ufcstats.com/fighter-details/6add18754930182b,http://www.ufcstats.com/fighter-details/6ac9bc2953c47345,Light Heavyweight
UFC Fight Night: Allen vs. Duncan,"October 10, 2026","Las Vegas, Nevada, USA",Malcolm Wellmaker,Otari Tanzilovi,http://www.ufcstats.com/fighter-details/2e45d08b3f2f02c8,http://www.ufcstats.com/fighter-details/b9124c308671e303,Bantamweight
UFC Fight Night: Buckley vs. Malott,"October 17, 2026","Edmonton, Alberta, Canada",Joaquin Buckley,Mike Malott,http://www.ufcstats.com/fighter-details/b9437600497350f3,http://www.ufcstats.com/fighter-details/dd6103dd7127db1d,Welterweight
UFC Fight Night: Buckley vs. Malott,"October 17, 2026","Edmonton, Alberta, Canada",Erin Blanchfield,Jasmine Jasudavicius,http://www.ufcstats.com/fighter-details/669970f7feba8ecd,http://www.ufcstats.com/fighter-details/a9e260472d321361,Women's Flyweight
UFC Fight Night: Buckley vs. Malott,"October 17, 2026","Edmonton, Alberta, Canada",Kyle Nelson,Cristian Perez,http://www.ufcstats.com/fighter-details/31f8081c7600da93,http://www.ufcstats.com/fighter-details/d84033157714ee94,Lightweight
UFC Fight Night: Buckley vs. Malott,"October 17, 2026","Edmonton, Alberta, Canada",Marc-Andre Barriault,Kyle Daukaus,http://www.ufcstats.com/fighter-details/8e9eb3fc86db0f7d,http://www.ufcstats.com/fighter-details/d6c0cdd7e467c440,Middleweight
UFC Fight Night: Buckley vs. Malott,"October 17, 2026","Edmonton, Alberta, Canada",Louis Jourdain,Timmy Cuamba,http://www.ufcstats.com/fighter-details/91cd52cb92dfdd52,http://www.ufcstats.com/fighter-details/0e46690e55a8df75,Bantamweight
UFC Fight Night: Buckley vs. Malott,"October 17, 2026","Edmonton, Alberta, Canada",Mandel Nallo,Nate Landwehr,http://www.ufcstats.com/fighter-details/8f4528c10bd34fab,http://www.ufcstats.com/fighter-details/583ee11abddfc581,Lightweight
UFC Fight Night: Buckley vs. Malott,"October 17, 2026","Edmonton, Alberta, Canada",Tanner Boser,Jhonata Diniz,http://www.ufcstats.com/fighter-details/04c8b08b16a5b99e,http://www.ufcstats.com/fighter-details/25f9a5f3e8a52618,Heavyweight
UFC Fight Night: Buckley vs. Malott,"October 17, 2026","Edmonton, Alberta, Canada",Julien Leblanc,Gilbert Urbina,http://www.ufcstats.com/fighter-details/cd0dfd9846bd03b9,http://www.ufcstats.com/fighter-details/b12fb759e02378de,Middleweight
UFC Fight Night: Buckley vs. Malott,"October 17, 2026","Edmonton, Alberta, Canada",Javad Mahjoub,Louie Sutherland,http://www.ufcstats.com/fighter-details/e9f9add1481fc11c,http://www.ufcstats.com/fighter-details/cdb7b38b1b357f26,Heavyweight
UFC Fight Night: Buckley vs. Malott,"October 17, 2026","Edmonton, Alberta, Canada",Jamey-Lyn Horth,Katlyn Cerminara,http://www.ufcstats.com/fighter-details/5c637af9472ae7cc,http://www.ufcstats.com/fighter-details/e872e9a9a902c045,Women's Flyweight
UFC Fight Night: Buckley vs. Malott,"October 17, 2026","Edmonton, Alberta, Canada",Chad Anheliger,Steven Koslow,http://www.ufcstats.com/fighter-details/c7c39e2fb70248b3,http://www.ufcstats.com/fighter-details/84512339473dd300,Bantamweight
UFC Fight Night: Buckley vs. Malott,"October 17, 2026","Edmonton, Alberta, Canada",Melissa Croden,Chelsea Chandler,http://www.ufcstats.com/fighter-details/51e2f44a8dbf6984,http://www.ufcstats.com/fighter-details/af9efbfd63d39734,Women's Bantamweight
UFC Fight Night: Buckley vs. Malott,"October 17, 2026","Edmonton, Alberta, Canada",Cody Chovancek,SuYoung You,http://www.ufcstats.com/fighter-details/3c4320a1b6106611,http://www.ufcstats.com/fighter-details/a474aade8eb3a8f0,Bantamweight
UFC 333: Volkanovski vs. Evloev,"October 24, 2026","Abu Dhabi, Abu Dhabi, United Arab Emirates",Alexander Volkanovski,Movsar Evloev,http://www.ufcstats.com/fighter-details/e1248941344b3288,http://www.ufcstats.com/fighter-details/76e2870ffafbe38f,Featherweight
UFC 333: Volkanovski vs. Evloev,"October 24, 2026","Abu Dhabi, Abu Dhabi, United Arab Emirates",Petr Yan,Merab Dvalishvili,http://www.ufcstats.com/fighter-details/d661ce4da776fc20,http://www.ufcstats.com/fighter-details/c03520b5c88ed6b4,Bantamweight
UFC 333: Volkanovski vs. Evloev,"October 24, 2026","Abu Dhabi, Abu Dhabi, United Arab Emirates",Lone'er Kavanagh,Ramazan Temirov,http://www.ufcstats.com/fighter-details/bb2c3c3a466224af,http://www.ufcstats.com/fighter-details/7d0a1968b38ca439,Flyweight
UFC 333: Volkanovski vs. Evloev,"October 24, 2026","Abu Dhabi, Abu Dhabi, United Arab Emirates",Alexander Volkov,Rizvan Kuniev,http://www.ufcstats.com/fighter-details/279566840aa55bf2,http://www.ufcstats.com/fighter-details/739fd4fbb5d862f4,Heavyweight
UFC 333: Volkanovski vs. Evloev,"October 24, 2026","Abu Dhabi, Abu Dhabi, United Arab Emirates",Arnold Allen,Aaron Pico,http://www.ufcstats.com/fighter-details/040a74bb0a465c54,http://www.ufcstats.com/fighter-details/5537efc6e496dd84,Featherweight
UFC 333: Volkanovski vs. Evloev,"October 24, 2026","Abu Dhabi, Abu Dhabi, United Arab Emirates",Azamat Murzakanov,Dominick Reyes,http://www.ufcstats.com/fighter-details/e90a2f22417af68e,http://www.ufcstats.com/fighter-details/2e19380f34871c6a,Light Heavyweight
UFC 333: Volkanovski vs. Evloev,"October 24, 2026","Abu Dhabi, Abu Dhabi, United Arab Emirates",Nikita Krylov,Abdul Rakhman Yakhyaev,http://www.ufcstats.com/fighter-details/1091d4d957141094,http://www.ufcstats.com/fighter-details/95aff2fd8d09a5f0,Light Heavyweight
UFC 333: Volkanovski vs. Evloev,"October 24, 2026","Abu Dhabi, Abu Dhabi, United Arab Emirates",Abus Magomedov,Cam Rowston,http://www.ufcstats.com/fighter-details/36b8f265bcd1b7a4,http://www.ufcstats.com/fighter-details/8ebc3a8da015d70c,Middleweight
UFC 333: Volkanovski vs. Evloev,"October 24, 2026","Abu Dhabi, Abu Dhabi, United Arab Emirates",Grant Dawson,Nurullo Aliev,http://www.ufcstats.com/fighter-details/99bd51917728c25d,http://www.ufcstats.com/fighter-details/ca28cdf526d6b6e9,Lightweight
UFC Fight Night: Moicano vs. Nolan,"October 31, 2026","Las Vegas, Nevada, USA",Renato Moicano,Tom Nolan,http://www.ufcstats.com/fighter-details/b6452706b373eea1,http://www.ufcstats.com/fighter-details/6c3b2525436cf5d4,Lightweight
UFC Fight Night: Moicano vs. Nolan,"October 31, 2026","Las Vegas, Nevada, USA",Nick Klein,Joe Kropschot,http://www.ufcstats.com/fighter-details/7eaa5e31c2dd86aa,http://www.ufcstats.com/fighter-details/8a81a0707350c4a8,Middleweight
UFC Fight Night: Moicano vs. Nolan,"October 31, 2026","Las Vegas, Nevada, USA",Lucia Szabova,Tainara Lisboa,http://www.ufcstats.com/fighter-details/184f6ec4ee712e9f,http://www.ufcstats.com/fighter-details/2c5f5749569eef66,Women's Flyweight
